order_item_id,order_id,product_id,quantity,list_price,discount_pct,final_unit_price,line_total
1,1,21,4,955.42,0.0,955.42,3821.68
2,1,12,2,585.17,0.1,526.65,1053.3
3,1,26,3,53.77,0.15,45.7,137.1
4,1,19,4,155.52,0.15,132.19,528.76
5,2,53,3,234.71,0.2,187.77,563.31
6,2,51,1,424.76,0.0,424.76,424.76
7,2,26,2,53.77,0.2,43.02,86.04
8,3,35,1,207.78,0.1,187.0,187.0
9,3,12,4,585.17,0.0,585.17,2340.68
10,3,44,2,512.62,0.0,512.62,1025.24
11,3,50,4,171.35,0.05,162.78,651.12
12,3,36,3,1840.75,0.0,1840.75,5522.25
13,4,53,4,234.71,0.05,222.97,891.88
14,5,9,3,205.92,0.05,195.62,586.86
15,5,41,2,37.9,0.0,37.9,75.8
16,5,20,4,266.91,0.0,266.91,1067.64
17,5,16,4,26.93,0.1,24.24,96.96
18,6,29,4,156.54,0.0,156.54,626.16
19,7,26,4,53.77,0.0,53.77,215.08
20,7,35,1,207.78,0.0,207.78,207.78
21,7,33,3,261.03,0.0,261.03,783.09
22,7,60,1,585.06,0.15,497.3,497.3
23,7,59,1,265.31,0.0,265.31,265.31
24,8,43,2,91.79,0.05,87.2,174.4
25,8,23,1,585.71,0.0,585.71,585.71
26,9,42,4,121.24,0.0,121.24,484.96
27,9,44,1,512.62,0.1,461.36,461.36
28,9,26,1,53.77,0.05,51.08,51.08
29,9,49,1,69.4,0.0,69.4,69.4
30,9,22,3,144.23,0.0,144.23,432.69
31,10,33,2,261.03,0.0,261.03,522.06
32,10,48,4,244.71,0.0,244.71,978.84
33,11,26,2,53.77,0.05,51.08,102.16
34,11,30,3,357.67,0.0,357.67,1073.01
35,11,50,1,171.35,0.0,171.35,171.35
36,12,7,1,431.83,0.0,431.83,431.83
37,12,19,1,155.52,0.15,132.19,132.19
38,12,27,2,64.55,0.2,51.64,103.28
39,12,59,3,265.31,0.0,265.31,795.93
40,13,22,2,144.23,0.1,129.81,259.62
41,13,30,4,357.67,0.0,357.67,1430.68
42,13,51,3,424.76,0.0,424.76,1274.28
43,14,7,4,431.83,0.1,388.65,1554.6
44,14,29,3,156.54,0.15,133.06,399.18
45,14,47,1,294.92,0.15,250.68,250.68
46,14,45,3,1408.96,0.0,1408.96,4226.88
47,15,52,1,122.31,0.0,122.31,122.31
48,16,55,3,28.82,0.1,25.94,77.82
49,17,44,2,512.62,0.0,512.62,1025.24
50,18,34,2,361.16,0.0,361.16,722.32
51,18,12,3,585.17,0.0,585.17,1755.51
52,19,28,2,150.46,0.05,142.94,285.88
53,19,30,2,357.67,0.0,357.67,715.34
54,19,15,4,1709.89,0.0,1709.89,6839.56
55,19,52,4,122.31,0.15,103.96,415.84
56,19,26,1,53.77,0.0,53.77,53.77
57,20,57,4,266.29,0.0,266.29,1065.16
58,20,13,1,112.05,0.0,112.05,112.05
59,20,29,2,156.54,0.0,156.54,313.08
60,20,38,2,446.47,0.0,446.47,892.94
61,20,28,3,150.46,0.0,150.46,451.38
62,21,37,1,213.33,0.1,192.0,192.0
63,22,12,1,585.17,0.0,585.17,585.17
64,22,24,3,256.27,0.15,217.83,653.49
65,22,21,4,955.42,0.0,955.42,3821.68
66,22,13,3,112.05,0.0,112.05,336.15
67,22,30,4,357.67,0.0,357.67,1430.68
68,23,26,4,53.77,0.0,53.77,215.08
69,23,38,2,446.47,0.1,401.82,803.64
70,23,8,3,366.09,0.0,366.09,1098.27
71,23,23,1,585.71,0.0,585.71,585.71
72,23,55,2,28.82,0.1,25.94,51.88
73,24,8,1,366.09,0.15,311.18,311.18
74,24,16,2,26.93,0.1,24.24,48.48
75,24,20,3,266.91,0.0,266.91,800.73
76,25,33,4,261.03,0.1,234.93,939.72
77,25,25,2,140.28,0.0,140.28,280.56
78,26,25,2,140.28,0.0,140.28,280.56
79,26,28,2,150.46,0.0,150.46,300.92
80,26,12,4,585.17,0.0,585.17,2340.68
81,26,32,3,286.95,0.0,286.95,860.85
82,26,41,2,37.9,0.0,37.9,75.8
83,27,21,4,955.42,0.1,859.88,3439.52
84,27,54,1,379.91,0.0,379.91,379.91
85,28,1,2,575.98,0.0,575.98,1151.96
86,28,32,4,286.95,0.0,286.95,1147.8
87,28,9,4,205.92,0.15,175.03,700.12
88,29,44,4,512.62,0.0,512.62,2050.48
89,29,32,4,286.95,0.0,286.95,1147.8
90,29,27,2,64.55,0.1,58.09,116.18
91,29,46,1,41.57,0.1,37.41,37.41
92,30,2,1,907.29,0.0,907.29,907.29
93,30,51,3,424.76,0.05,403.52,1210.56
94,30,49,2,69.4,0.1,62.46,124.92
95,30,15,3,1709.89,0.05,1624.4,4873.2
96,30,19,2,155.52,0.0,155.52,311.04
97,31,37,1,213.33,0.1,192.0,192.0
98,31,48,1,244.71,0.0,244.71,244.71
99,31,50,3,171.35,0.0,171.35,514.05
100,31,32,3,286.95,0.0,286.95,860.85
101,32,53,2,234.71,0.0,234.71,469.42
102,32,49,4,69.4,0.0,69.4,277.6
103,32,3,1,267.36,0.1,240.62,240.62
104,32,47,2,294.92,0.0,294.92,589.84
105,32,29,3,156.54,0.0,156.54,469.62
106,33,29,3,156.54,0.0,156.54,469.62
107,34,56,4,306.62,0.0,306.62,1226.48
108,34,53,1,234.71,0.2,187.77,187.77
109,34,6,2,50.12,0.0,50.12,100.24
110,35,52,3,122.31,0.0,122.31,366.93
111,35,48,4,244.71,0.0,244.71,978.84
112,36,40,2,542.82,0.0,542.82,1085.64
113,36,9,2,205.92,0.0,205.92,411.84
114,37,37,3,213.33,0.05,202.66,607.98
115,38,18,3,69.07,0.2,55.26,165.78
116,38,39,3,551.63,0.0,551.63,1654.89
117,38,35,3,207.78,0.05,197.39,592.17
118,38,11,1,1220.15,0.05,1159.14,1159.14
119,38,21,2,955.42,0.1,859.88,1719.76
120,39,59,2,265.31,0.0,265.31,530.62
121,39,4,2,61.41,0.0,61.41,122.82
122,39,18,2,69.07,0.0,69.07,138.14
123,39,56,2,306.62,0.05,291.29,582.58
124,40,54,4,379.91,0.1,341.92,1367.68
125,40,16,4,26.93,0.0,26.93,107.72
126,40,49,2,69.4,0.0,69.4,138.8
127,41,41,1,37.9,0.15,32.22,32.22
128,41,18,1,69.07,0.1,62.16,62.16
129,41,27,4,64.55,0.2,51.64,206.56
130,41,25,3,140.28,0.1,126.25,378.75
131,41,29,3,156.54,0.0,156.54,469.62
132,42,32,1,286.95,0.0,286.95,286.95
133,42,21,4,955.42,0.05,907.65,3630.6
134,42,38,3,446.47,0.0,446.47,1339.41
135,42,1,1,575.98,0.0,575.98,575.98
136,43,26,3,53.77,0.05,51.08,153.24
137,43,14,3,29.13,0.0,29.13,87.39
138,43,28,3,150.46,0.1,135.41,406.23
139,43,53,3,234.71,0.0,234.71,704.13
140,43,32,2,286.95,0.15,243.91,487.82
141,44,55,1,28.82,0.0,28.82,28.82
142,44,32,1,286.95,0.0,286.95,286.95
143,44,51,1,424.76,0.05,403.52,403.52
144,44,22,4,144.23,0.0,144.23,576.92
145,44,58,1,78.3,0.05,74.38,74.38
146,45,60,2,585.06,0.1,526.55,1053.1
147,46,30,2,357.67,0.0,357.67,715.34
148,46,1,3,575.98,0.0,575.98,1727.94
149,46,28,2,150.46,0.0,150.46,300.92
150,46,13,3,112.05,0.0,112.05,336.15
151,47,42,3,121.24,0.15,103.05,309.15
152,48,6,2,50.12,0.1,45.11,90.22
153,48,24,1,256.27,0.05,243.46,243.46
154,48,43,4,91.79,0.05,87.2,348.8
155,49,47,2,294.92,0.0,294.92,589.84
156,49,45,4,1408.96,0.15,1197.62,4790.48
157,49,49,1,69.4,0.05,65.93,65.93
158,50,1,2,575.98,0.05,547.18,1094.36
159,51,5,4,28.37,0.1,25.53,102.12
160,51,9,1,205.92,0.0,205.92,205.92
161,51,38,1,446.47,0.1,401.82,401.82
162,51,15,3,1709.89,0.0,1709.89,5129.67
163,52,56,4,306.62,0.0,306.62,1226.48
164,53,31,2,455.44,0.0,455.44,910.88
165,53,5,4,28.37,0.2,22.7,90.8
166,54,47,1,294.92,0.1,265.43,265.43
167,55,21,3,955.42,0.05,907.65,2722.95
168,56,9,2,205.92,0.05,195.62,391.24
169,56,25,2,140.28,0.0,140.28,280.56
170,56,50,1,171.35,0.15,145.65,145.65
171,57,37,4,213.33,0.0,213.33,853.32
172,57,1,3,575.98,0.0,575.98,1727.94
173,57,40,2,542.82,0.0,542.82,1085.64
174,57,42,2,121.24,0.1,109.12,218.24
175,57,11,4,1220.15,0.05,1159.14,4636.56
176,58,44,1,512.62,0.0,512.62,512.62
177,58,29,2,156.54,0.0,156.54,313.08
178,58,56,1,306.62,0.1,275.96,275.96
179,58,14,4,29.13,0.0,29.13,116.52
180,58,6,3,50.12,0.05,47.61,142.83
181,59,21,3,955.42,0.2,764.34,2293.02
182,59,51,1,424.76,0.0,424.76,424.76
183,59,9,2,205.92,0.0,205.92,411.84
184,59,16,3,26.93,0.05,25.58,76.74
185,60,55,3,28.82,0.1,25.94,77.82
186,61,34,2,361.16,0.0,361.16,722.32
187,61,39,4,551.63,0.2,441.3,1765.2
188,62,42,2,121.24,0.0,121.24,242.48
189,62,4,4,61.41,0.0,61.41,245.64
190,62,51,4,424.76,0.05,403.52,1614.08
191,63,16,4,26.93,0.1,24.24,96.96
192,64,5,3,28.37,0.0,28.37,85.11
193,64,34,2,361.16,0.1,325.04,650.08
194,64,57,4,266.29,0.0,266.29,1065.16
195,64,1,4,575.98,0.0,575.98,2303.92
196,64,24,3,256.27,0.0,256.27,768.81
197,65,44,1,512.62,0.1,461.36,461.36
198,65,12,1,585.17,0.0,585.17,585.17
199,65,49,1,69.4,0.0,69.4,69.4
200,65,31,1,455.44,0.0,455.44,455.44
201,65,50,3,171.35,0.1,154.21,462.63
202,66,3,1,267.36,0.05,253.99,253.99
203,66,60,4,585.06,0.1,526.55,2106.2
204,67,19,4,155.52,0.0,155.52,622.08
205,67,41,4,37.9,0.05,36.0,144.0
206,67,46,4,41.57,0.0,41.57,166.28
207,67,33,1,261.03,0.1,234.93,234.93
208,67,50,2,171.35,0.15,145.65,291.3
209,68,6,2,50.12,0.0,50.12,100.24
210,68,20,2,266.91,0.05,253.56,507.12
211,68,33,3,261.03,0.0,261.03,783.09
212,69,38,1,446.47,0.0,446.47,446.47
213,69,41,3,37.9,0.0,37.9,113.7
214,69,49,4,69.4,0.0,69.4,277.6
215,69,54,2,379.91,0.0,379.91,759.82
216,70,16,1,26.93,0.05,25.58,25.58
217,71,8,1,366.09,0.0,366.09,366.09
218,71,30,3,357.67,0.05,339.79,1019.37
219,71,40,2,542.82,0.0,542.82,1085.64
220,71,39,1,551.63,0.0,551.63,551.63
221,72,46,2,41.57,0.1,37.41,74.82
222,73,11,4,1220.15,0.0,1220.15,4880.6
223,74,34,3,361.16,0.0,361.16,1083.48
224,74,51,2,424.76,0.05,403.52,807.04
225,74,53,3,234.71,0.0,234.71,704.13
226,75,48,3,244.71,0.0,244.71,734.13
227,75,50,1,171.35,0.0,171.35,171.35
228,76,22,4,144.23,0.15,122.6,490.4
229,77,34,1,361.16,0.05,343.1,343.1
230,77,5,4,28.37,0.05,26.95,107.8
231,77,17,4,234.66,0.05,222.93,891.72
232,78,24,2,256.27,0.0,256.27,512.54
233,78,4,3,61.41,0.0,61.41,184.23
234,78,32,2,286.95,0.1,258.25,516.5
235,78,55,3,28.82,0.0,28.82,86.46
236,78,37,1,213.33,0.0,213.33,213.33
237,79,44,1,512.62,0.0,512.62,512.62
238,79,47,1,294.92,0.0,294.92,294.92
239,79,8,1,366.09,0.2,292.87,292.87
240,79,15,2,1709.89,0.0,1709.89,3419.78
241,79,48,1,244.71,0.0,244.71,244.71
242,80,24,2,256.27,0.0,256.27,512.54
243,80,25,1,140.28,0.2,112.22,112.22
244,80,59,4,265.31,0.0,265.31,1061.24
245,80,10,2,1023.73,0.0,1023.73,2047.46
246,81,16,3,26.93,0.05,25.58,76.74
247,81,27,3,64.55,0.05,61.32,183.96
248,81,59,1,265.31,0.0,265.31,265.31
249,82,24,1,256.27,0.0,256.27,256.27
250,82,8,2,366.09,0.0,366.09,732.18
251,82,33,2,261.03,0.0,261.03,522.06
252,82,44,1,512.62,0.0,512.62,512.62
253,82,58,4,78.3,0.0,78.3,313.2
254,83,57,4,266.29,0.0,266.29,1065.16
255,84,50,3,171.35,0.0,171.35,514.05
256,84,55,1,28.82,0.05,27.38,27.38
257,84,20,4,266.91,0.2,213.53,854.12
258,85,24,2,256.27,0.05,243.46,486.92
259,86,37,2,213.33,0.0,213.33,426.66
260,86,51,4,424.76,0.0,424.76,1699.04
261,86,20,3,266.91,0.15,226.87,680.61
262,87,32,2,286.95,0.0,286.95,573.9
263,87,50,2,171.35,0.0,171.35,342.7
264,87,13,1,112.05,0.0,112.05,112.05
265,87,47,4,294.92,0.05,280.17,1120.68
266,87,58,1,78.3,0.05,74.38,74.38
267,88,35,1,207.78,0.0,207.78,207.78
268,88,23,3,585.71,0.0,585.71,1757.13
269,89,49,4,69.4,0.2,55.52,222.08
270,90,7,2,431.83,0.0,431.83,863.66
271,90,14,4,29.13,0.05,27.67,110.68
272,90,34,4,361.16,0.05,343.1,1372.4
273,91,10,3,1023.73,0.05,972.54,2917.62
274,92,3,2,267.36,0.0,267.36,534.72
275,93,27,1,64.55,0.0,64.55,64.55
276,93,45,1,1408.96,0.0,1408.96,1408.96
277,93,58,2,78.3,0.1,70.47,140.94
278,93,24,4,256.27,0.15,217.83,871.32
279,93,30,1,357.67,0.0,357.67,357.67
280,94,37,2,213.33,0.0,213.33,426.66
281,94,4,3,61.41,0.15,52.2,156.6
282,94,28,3,150.46,0.05,142.94,428.82
283,94,43,3,91.79,0.1,82.61,247.83
284,94,9,4,205.92,0.0,205.92,823.68
285,95,21,2,955.42,0.0,955.42,1910.84
286,95,29,1,156.54,0.05,148.71,148.71
287,95,18,2,69.07,0.05,65.62,131.24
288,96,50,1,171.35,0.0,171.35,171.35
289,96,38,2,446.47,0.0,446.47,892.94
290,97,11,4,1220.15,0.0,1220.15,4880.6
291,98,21,3,955.42,0.0,955.42,2866.26
292,98,27,2,64.55,0.0,64.55,129.1
293,98,8,4,366.09,0.15,311.18,1244.72
294,98,35,3,207.78,0.0,207.78,623.34
295,99,17,2,234.66,0.1,211.19,422.38
296,99,55,3,28.82,0.0,28.82,86.46
297,99,8,1,366.09,0.05,347.79,347.79
298,99,6,2,50.12,0.2,40.1,80.2
299,100,10,2,1023.73,0.0,1023.73,2047.46
300,100,6,3,50.12,0.0,50.12,150.36
301,100,46,4,41.57,0.0,41.57,166.28
302,101,4,2,61.41,0.0,61.41,122.82
303,101,44,1,512.62,0.05,486.99,486.99
304,101,20,4,266.91,0.15,226.87,907.48
305,101,17,4,234.66,0.0,234.66,938.64
306,101,53,2,234.71,0.0,234.71,469.42
307,102,30,1,357.67,0.0,357.67,357.67
308,103,8,1,366.09,0.05,347.79,347.79
309,103,1,2,575.98,0.0,575.98,1151.96
310,104,13,4,112.05,0.0,112.05,448.2
311,104,53,3,234.71,0.05,222.97,668.91
312,105,38,3,446.47,0.05,424.15,1272.45
313,106,2,1,907.29,0.0,907.29,907.29
314,107,58,4,78.3,0.05,74.38,297.52
315,107,42,2,121.24,0.0,121.24,242.48
316,108,58,3,78.3,0.0,78.3,234.9
317,109,3,4,267.36,0.1,240.62,962.48
318,110,11,4,1220.15,0.05,1159.14,4636.56
319,111,32,4,286.95,0.0,286.95,1147.8
320,111,2,2,907.29,0.0,907.29,1814.58
321,111,25,3,140.28,0.0,140.28,420.84
322,111,44,2,512.62,0.0,512.62,1025.24
323,112,18,2,69.07,0.0,69.07,138.14
324,112,29,1,156.54,0.0,156.54,156.54
325,113,40,4,542.82,0.0,542.82,2171.28
326,113,16,4,26.93,0.05,25.58,102.32
327,113,42,1,121.24,0.05,115.18,115.18
328,113,19,1,155.52,0.05,147.74,147.74
329,113,32,3,286.95,0.0,286.95,860.85
330,114,9,2,205.92,0.15,175.03,350.06
331,114,27,1,64.55,0.1,58.09,58.09
332,114,13,4,112.05,0.1,100.85,403.4
333,114,42,3,121.24,0.1,109.12,327.36
334,115,35,3,207.78,0.15,176.61,529.83
335,115,51,4,424.76,0.0,424.76,1699.04
336,115,32,3,286.95,0.0,286.95,860.85
337,115,23,2,585.71,0.05,556.42,1112.84
338,116,21,2,955.42,0.05,907.65,1815.3
339,117,58,3,78.3,0.05,74.38,223.14
340,118,52,4,122.31,0.0,122.31,489.24
341,119,23,1,585.71,0.0,585.71,585.71
342,119,50,2,171.35,0.0,171.35,342.7
343,119,38,2,446.47,0.15,379.5,759.0
344,119,15,3,1709.89,0.0,1709.89,5129.67
345,119,11,1,1220.15,0.0,1220.15,1220.15
346,120,37,4,213.33,0.0,213.33,853.32
347,120,55,3,28.82,0.0,28.82,86.46
348,121,12,3,585.17,0.1,526.65,1579.95
349,121,16,3,26.93,0.05,25.58,76.74
350,122,2,2,907.29,0.1,816.56,1633.12
351,122,46,2,41.57,0.0,41.57,83.14
352,122,45,4,1408.96,0.05,1338.51,5354.04
353,122,23,3,585.71,0.0,585.71,1757.13
354,122,37,2,213.33,0.05,202.66,405.32
355,123,3,2,267.36,0.0,267.36,534.72
356,123,6,1,50.12,0.0,50.12,50.12
357,123,4,4,61.41,0.05,58.34,233.36
358,123,15,1,1709.89,0.15,1453.41,1453.41
359,124,59,2,265.31,0.0,265.31,530.62
360,124,40,3,542.82,0.1,488.54,1465.62
361,124,13,2,112.05,0.0,112.05,224.1
362,125,4,2,61.41,0.0,61.41,122.82
363,125,2,1,907.29,0.0,907.29,907.29
364,125,10,3,1023.73,0.0,1023.73,3071.19
365,126,24,4,256.27,0.0,256.27,1025.08
366,127,7,2,431.83,0.0,431.83,863.66
367,127,22,4,144.23,0.0,144.23,576.92
368,127,20,4,266.91,0.15,226.87,907.48
369,127,21,3,955.42,0.0,955.42,2866.26
370,127,9,2,205.92,0.1,185.33,370.66
371,128,45,3,1408.96,0.0,1408.96,4226.88
372,128,57,2,266.29,0.05,252.98,505.96
373,128,60,2,585.06,0.0,585.06,1170.12
374,128,40,4,542.82,0.0,542.82,2171.28
375,128,51,3,424.76,0.0,424.76,1274.28
376,129,9,1,205.92,0.0,205.92,205.92
377,129,12,4,585.17,0.0,585.17,2340.68
378,129,47,1,294.92,0.05,280.17,280.17
379,130,39,2,551.63,0.1,496.47,992.94
380,130,21,1,955.42,0.1,859.88,859.88
381,131,10,2,1023.73,0.05,972.54,1945.08
382,131,22,3,144.23,0.0,144.23,432.69
383,131,48,3,244.71,0.0,244.71,734.13
384,131,5,2,28.37,0.0,28.37,56.74
385,132,53,3,234.71,0.0,234.71,704.13
386,133,1,1,575.98,0.0,575.98,575.98
387,133,17,3,234.66,0.0,234.66,703.98
388,133,14,3,29.13,0.0,29.13,87.39
389,133,16,1,26.93,0.0,26.93,26.93
390,134,4,4,61.41,0.1,55.27,221.08
391,135,47,4,294.92,0.1,265.43,1061.72
392,135,27,4,64.55,0.0,64.55,258.2
393,135,11,4,1220.15,0.15,1037.13,4148.52
394,135,57,3,266.29,0.15,226.35,679.05
395,136,25,2,140.28,0.0,140.28,280.56
396,136,7,2,431.83,0.0,431.83,863.66
397,136,54,4,379.91,0.0,379.91,1519.64
398,136,31,1,455.44,0.15,387.12,387.12
399,136,51,1,424.76,0.1,382.28,382.28
400,137,2,1,907.29,0.0,907.29,907.29
401,137,21,1,955.42,0.0,955.42,955.42
402,137,17,3,234.66,0.0,234.66,703.98
403,138,57,2,266.29,0.0,266.29,532.58
404,138,25,1,140.28,0.0,140.28,140.28
405,139,58,4,78.3,0.1,70.47,281.88
406,139,6,1,50.12,0.05,47.61,47.61
407,139,22,4,144.23,0.1,129.81,519.24
408,139,39,2,551.63,0.1,496.47,992.94
409,139,40,4,542.82,0.05,515.68,2062.72
410,140,4,3,61.41,0.0,61.41,184.23
411,140,7,2,431.83,0.05,410.24,820.48
412,141,27,3,64.55,0.0,64.55,193.65
413,141,45,3,1408.96,0.05,1338.51,4015.53
414,142,16,4,26.93,0.0,26.93,107.72
415,142,7,4,431.83,0.05,410.24,1640.96
416,142,4,2,61.41,0.0,61.41,122.82
417,143,24,1,256.27,0.0,256.27,256.27
418,144,6,4,50.12,0.0,50.12,200.48
419,144,19,2,155.52,0.0,155.52,311.04
420,144,53,1,234.71,0.05,222.97,222.97
421,144,43,1,91.79,0.05,87.2,87.2
422,145,11,3,1220.15,0.0,1220.15,3660.45
423,145,41,1,37.9,0.0,37.9,37.9
424,146,55,4,28.82,0.0,28.82,115.28
425,146,8,4,366.09,0.0,366.09,1464.36
426,146,20,4,266.91,0.0,266.91,1067.64
427,146,51,3,424.76,0.1,382.28,1146.84
428,147,42,4,121.24,0.0,121.24,484.96
429,148,24,4,256.27,0.0,256.27,1025.08
430,148,57,3,266.29,0.0,266.29,798.87
431,149,29,3,156.54,0.0,156.54,469.62
432,149,3,4,267.36,0.0,267.36,1069.44
433,150,17,1,234.66,0.05,222.93,222.93
434,150,15,2,1709.89,0.0,1709.89,3419.78
435,150,54,1,379.91,0.0,379.91,379.91
436,150,18,1,69.07,0.0,69.07,69.07
437,151,52,2,122.31,0.0,122.31,244.62
438,151,35,1,207.78,0.0,207.78,207.78
439,151,27,4,64.55,0.15,54.87,219.48
440,152,27,4,64.55,0.05,61.32,245.28
441,152,35,2,207.78,0.0,207.78,415.56
442,152,44,4,512.62,0.0,512.62,2050.48
443,152,56,3,306.62,0.0,306.62,919.86
444,152,60,1,585.06,0.0,585.06,585.06
445,153,58,2,78.3,0.05,74.38,148.76
446,153,55,1,28.82,0.05,27.38,27.38
447,153,46,4,41.57,0.0,41.57,166.28
448,153,3,2,267.36,0.0,267.36,534.72
449,154,14,2,29.13,0.0,29.13,58.26
450,154,52,2,122.31,0.1,110.08,220.16
451,155,28,1,150.46,0.05,142.94,142.94
452,156,13,3,112.05,0.0,112.05,336.15
453,156,53,3,234.71,0.0,234.71,704.13
454,156,41,1,37.9,0.05,36.0,36.0
455,156,10,1,1023.73,0.0,1023.73,1023.73
456,157,36,3,1840.75,0.0,1840.75,5522.25
457,157,26,4,53.77,0.0,53.77,215.08
458,157,21,1,955.42,0.05,907.65,907.65
459,157,55,4,28.82,0.0,28.82,115.28
460,158,27,2,64.55,0.0,64.55,129.1
461,159,37,1,213.33,0.1,192.0,192.0
462,159,38,1,446.47,0.0,446.47,446.47
463,160,50,3,171.35,0.0,171.35,514.05
464,160,7,4,431.83,0.0,431.83,1727.32
465,160,51,3,424.76,0.0,424.76,1274.28
466,160,19,4,155.52,0.1,139.97,559.88
467,160,56,4,306.62,0.0,306.62,1226.48
468,161,39,4,551.63,0.0,551.63,2206.52
469,161,31,2,455.44,0.0,455.44,910.88
470,161,3,4,267.36,0.05,253.99,1015.96
471,161,12,1,585.17,0.05,555.91,555.91
472,161,18,4,69.07,0.0,69.07,276.28
473,162,45,4,1408.96,0.0,1408.96,5635.84
474,162,16,3,26.93,0.05,25.58,76.74
475,162,4,3,61.41,0.0,61.41,184.23
476,163,22,3,144.23,0.1,129.81,389.43
477,164,18,1,69.07,0.1,62.16,62.16
478,164,54,2,379.91,0.1,341.92,683.84
479,164,32,2,286.95,0.0,286.95,573.9
480,165,48,3,244.71,0.0,244.71,734.13
481,165,29,3,156.54,0.1,140.89,422.67
482,165,50,4,171.35,0.0,171.35,685.4
483,166,42,4,121.24,0.0,121.24,484.96
484,166,6,4,50.12,0.1,45.11,180.44
485,166,13,3,112.05,0.1,100.85,302.55
486,166,29,1,156.54,0.0,156.54,156.54
487,166,14,2,29.13,0.0,29.13,58.26
488,167,20,4,266.91,0.0,266.91,1067.64
489,168,50,1,171.35,0.1,154.21,154.21
490,168,55,2,28.82,0.15,24.5,49.0
491,169,57,2,266.29,0.0,266.29,532.58
492,169,54,1,379.91,0.0,379.91,379.91
493,170,3,1,267.36,0.1,240.62,240.62
494,170,30,3,357.67,0.0,357.67,1073.01
495,171,18,4,69.07,0.0,69.07,276.28
496,171,24,4,256.27,0.2,205.02,820.08
497,172,44,1,512.62,0.0,512.62,512.62
498,173,24,4,256.27,0.05,243.46,973.84
499,173,32,2,286.95,0.0,286.95,573.9
500,174,38,3,446.47,0.0,446.47,1339.41
501,174,36,1,1840.75,0.1,1656.67,1656.67
502,174,23,3,585.71,0.0,585.71,1757.13
503,174,11,1,1220.15,0.2,976.12,976.12
504,175,4,2,61.41,0.0,61.41,122.82
505,175,11,2,1220.15,0.0,1220.15,2440.3
506,175,55,2,28.82,0.0,28.82,57.64
507,175,37,2,213.33,0.0,213.33,426.66
508,176,42,1,121.24,0.0,121.24,121.24
509,176,27,1,64.55,0.0,64.55,64.55
510,176,33,4,261.03,0.0,261.03,1044.12
511,177,42,1,121.24,0.0,121.24,121.24
512,177,12,2,585.17,0.05,555.91,1111.82
513,178,39,3,551.63,0.05,524.05,1572.15
514,178,52,4,122.31,0.05,116.19,464.76
515,178,20,4,266.91,0.0,266.91,1067.64
516,179,30,4,357.67,0.0,357.67,1430.68
517,179,17,3,234.66,0.05,222.93,668.79
518,179,14,4,29.13,0.0,29.13,116.52
519,180,7,3,431.83,0.0,431.83,1295.49
520,180,1,3,575.98,0.1,518.38,1555.14
521,180,33,3,261.03,0.1,234.93,704.79
522,180,43,1,91.79,0.0,91.79,91.79
523,180,54,4,379.91,0.0,379.91,1519.64
524,181,22,3,144.23,0.1,129.81,389.43
525,182,56,3,306.62,0.0,306.62,919.86
526,182,18,2,69.07,0.1,62.16,124.32
527,182,17,2,234.66,0.1,211.19,422.38
528,183,49,4,69.4,0.1,62.46,249.84
529,183,16,3,26.93,0.0,26.93,80.79
530,183,58,2,78.3,0.0,78.3,156.6
531,183,4,1,61.41,0.05,58.34,58.34
532,183,52,4,122.31,0.05,116.19,464.76
533,184,17,4,234.66,0.05,222.93,891.72
534,184,59,4,265.31,0.0,265.31,1061.24
535,184,27,1,64.55,0.0,64.55,64.55
536,185,46,2,41.57,0.1,37.41,74.82
537,185,37,4,213.33,0.05,202.66,810.64
538,185,53,3,234.71,0.15,199.5,598.5
539,185,13,3,112.05,0.1,100.85,302.55
540,185,22,2,144.23,0.0,144.23,288.46
541,186,12,3,585.17,0.05,555.91,1667.73
542,186,19,2,155.52,0.1,139.97,279.94
543,186,7,3,431.83,0.0,431.83,1295.49
544,186,31,1,455.44,0.05,432.67,432.67
545,186,9,2,205.92,0.0,205.92,411.84
546,187,15,3,1709.89,0.0,1709.89,5129.67
547,187,48,4,244.71,0.05,232.47,929.88
548,187,56,3,306.62,0.0,306.62,919.86
549,188,17,4,234.66,0.0,234.66,938.64
550,188,38,1,446.47,0.0,446.47,446.47
551,188,19,4,155.52,0.0,155.52,622.08
552,189,56,1,306.62,0.0,306.62,306.62
553,190,57,4,266.29,0.0,266.29,1065.16
554,190,13,3,112.05,0.15,95.24,285.72
555,190,33,4,261.03,0.0,261.03,1044.12
556,190,8,1,366.09,0.0,366.09,366.09
557,191,9,3,205.92,0.0,205.92,617.76
558,191,13,4,112.05,0.05,106.45,425.8
559,192,58,2,78.3,0.0,78.3,156.6
560,192,59,1,265.31,0.1,238.78,238.78
561,192,30,4,357.67,0.05,339.79,1359.16
562,192,10,3,1023.73,0.1,921.36,2764.08
563,192,21,2,955.42,0.0,955.42,1910.84
564,193,41,4,37.9,0.05,36.0,144.0
565,193,4,3,61.41,0.0,61.41,184.23
566,193,1,2,575.98,0.15,489.58,979.16
567,194,37,2,213.33,0.05,202.66,405.32
568,194,49,4,69.4,0.0,69.4,277.6
569,195,9,4,205.92,0.0,205.92,823.68
570,196,26,1,53.77,0.0,53.77,53.77
571,196,28,1,150.46,0.05,142.94,142.94
572,196,31,2,455.44,0.0,455.44,910.88
573,196,25,3,140.28,0.0,140.28,420.84
574,197,58,3,78.3,0.0,78.3,234.9
575,198,13,2,112.05,0.05,106.45,212.9
576,198,2,2,907.29,0.1,816.56,1633.12
577,198,44,3,512.62,0.1,461.36,1384.08
578,198,1,3,575.98,0.1,518.38,1555.14
579,198,41,2,37.9,0.0,37.9,75.8
580,199,25,3,140.28,0.0,140.28,420.84
581,200,5,1,28.37,0.05,26.95,26.95
582,200,53,3,234.71,0.0,234.71,704.13
583,201,30,3,357.67,0.0,357.67,1073.01
584,201,47,4,294.92,0.0,294.92,1179.68
585,201,34,2,361.16,0.0,361.16,722.32
586,202,58,2,78.3,0.0,78.3,156.6
587,202,32,2,286.95,0.1,258.25,516.5
588,202,23,4,585.71,0.0,585.71,2342.84
589,203,15,2,1709.89,0.0,1709.89,3419.78
590,204,14,1,29.13,0.0,29.13,29.13
591,204,47,2,294.92,0.05,280.17,560.34
592,205,24,1,256.27,0.0,256.27,256.27
593,206,57,1,266.29,0.1,239.66,239.66
594,206,41,1,37.9,0.1,34.11,34.11
595,206,17,1,234.66,0.0,234.66,234.66
596,206,50,1,171.35,0.15,145.65,145.65
597,207,45,1,1408.96,0.2,1127.17,1127.17
598,208,29,3,156.54,0.1,140.89,422.67
599,208,25,4,140.28,0.1,126.25,505.0
600,208,8,2,366.09,0.0,366.09,732.18
601,208,36,2,1840.75,0.0,1840.75,3681.5
602,209,20,4,266.91,0.0,266.91,1067.64
603,210,43,3,91.79,0.0,91.79,275.37
604,211,39,1,551.63,0.2,441.3,441.3
605,211,45,1,1408.96,0.0,1408.96,1408.96
606,211,9,3,205.92,0.05,195.62,586.86
607,211,27,1,64.55,0.1,58.09,58.09
608,211,54,1,379.91,0.1,341.92,341.92
609,212,13,2,112.05,0.2,89.64,179.28
610,212,39,3,551.63,0.0,551.63,1654.89
611,212,50,4,171.35,0.0,171.35,685.4
612,212,17,3,234.66,0.0,234.66,703.98
613,213,3,4,267.36,0.0,267.36,1069.44
614,213,36,2,1840.75,0.0,1840.75,3681.5
615,214,22,1,144.23,0.0,144.23,144.23
616,214,16,1,26.93,0.1,24.24,24.24
617,214,1,4,575.98,0.0,575.98,2303.92
618,214,43,2,91.79,0.0,91.79,183.58
619,215,50,1,171.35,0.05,162.78,162.78
620,216,58,3,78.3,0.0,78.3,234.9
621,217,30,3,357.67,0.0,357.67,1073.01
622,217,19,4,155.52,0.1,139.97,559.88
623,218,7,2,431.83,0.05,410.24,820.48
624,219,55,3,28.82,0.1,25.94,77.82
625,220,52,4,122.31,0.0,122.31,489.24
626,220,44,1,512.62,0.1,461.36,461.36
627,220,21,1,955.42,0.05,907.65,907.65
628,221,1,2,575.98,0.0,575.98,1151.96
629,222,22,4,144.23,0.05,137.02,548.08
630,222,23,3,585.71,0.1,527.14,1581.42
631,223,24,3,256.27,0.0,256.27,768.81
632,224,8,4,366.09,0.0,366.09,1464.36
633,224,26,4,53.77,0.2,43.02,172.08
634,225,54,4,379.91,0.1,341.92,1367.68
635,225,25,4,140.28,0.0,140.28,561.12
636,225,45,2,1408.96,0.05,1338.51,2677.02
637,226,9,1,205.92,0.0,205.92,205.92
638,227,7,4,431.83,0.0,431.83,1727.32
639,227,27,4,64.55,0.0,64.55,258.2
640,228,40,3,542.82,0.15,461.4,1384.2
641,228,25,1,140.28,0.15,119.24,119.24
642,229,31,4,455.44,0.0,455.44,1821.76
643,229,59,1,265.31,0.0,265.31,265.31
644,230,29,3,156.54,0.0,156.54,469.62
645,230,3,1,267.36,0.2,213.89,213.89
646,230,5,2,28.37,0.2,22.7,45.4
647,230,17,3,234.66,0.05,222.93,668.79
648,231,34,2,361.16,0.1,325.04,650.08
649,231,45,4,1408.96,0.05,1338.51,5354.04
650,231,40,3,542.82,0.0,542.82,1628.46
651,231,7,4,431.83,0.0,431.83,1727.32
652,231,28,2,150.46,0.0,150.46,300.92
653,232,58,2,78.3,0.05,74.38,148.76
654,232,40,4,542.82,0.05,515.68,2062.72
655,232,4,4,61.41,0.0,61.41,245.64
656,232,1,2,575.98,0.15,489.58,979.16
657,232,42,1,121.24,0.0,121.24,121.24
658,233,21,1,955.42,0.0,955.42,955.42
659,233,16,2,26.93,0.05,25.58,51.16
660,233,22,4,144.23,0.05,137.02,548.08
661,233,18,4,69.07,0.05,65.62,262.48
662,234,6,4,50.12,0.0,50.12,200.48
663,234,30,4,357.67,0.0,357.67,1430.68
664,235,55,4,28.82,0.05,27.38,109.52
665,236,21,1,955.42,0.0,955.42,955.42
666,236,8,1,366.09,0.0,366.09,366.09
667,236,32,4,286.95,0.05,272.6,1090.4
668,236,48,4,244.71,0.0,244.71,978.84
669,237,36,1,1840.75,0.05,1748.71,1748.71
670,238,51,3,424.76,0.1,382.28,1146.84
671,239,36,3,1840.75,0.0,1840.75,5522.25
672,239,14,3,29.13,0.0,29.13,87.39
673,239,42,1,121.24,0.1,109.12,109.12
674,239,43,2,91.79,0.05,87.2,174.4
675,239,30,4,357.67,0.05,339.79,1359.16
676,240,36,4,1840.75,0.1,1656.67,6626.68
677,240,50,3,171.35,0.1,154.21,462.63
678,240,40,4,542.82,0.2,434.26,1737.04
679,241,7,2,431.83,0.0,431.83,863.66
680,242,22,3,144.23,0.0,144.23,432.69
681,243,36,1,1840.75,0.0,1840.75,1840.75
682,243,34,1,361.16,0.0,361.16,361.16
683,243,24,2,256.27,0.0,256.27,512.54
684,244,9,4,205.92,0.0,205.92,823.68
685,244,53,1,234.71,0.15,199.5,199.5
686,244,46,3,41.57,0.0,41.57,124.71
687,244,48,2,244.71,0.0,244.71,489.42
688,245,8,4,366.09,0.0,366.09,1464.36
689,245,60,2,585.06,0.0,585.06,1170.12
690,246,53,3,234.71,0.0,234.71,704.13
691,246,51,1,424.76,0.0,424.76,424.76
692,246,13,4,112.05,0.0,112.05,448.2
693,246,46,1,41.57,0.05,39.49,39.49
694,247,8,2,366.09,0.1,329.48,658.96
695,247,50,4,171.35,0.1,154.21,616.84
696,247,58,1,78.3,0.05,74.38,74.38
697,247,29,1,156.54,0.0,156.54,156.54
698,247,30,4,357.67,0.1,321.9,1287.6
699,248,31,2,455.44,0.1,409.9,819.8
700,248,60,2,585.06,0.0,585.06,1170.12
701,248,33,2,261.03,0.05,247.98,495.96
702,248,50,1,171.35,0.0,171.35,171.35
703,248,59,4,265.31,0.1,238.78,955.12
704,249,39,4,551.63,0.2,441.3,1765.2
705,249,57,2,266.29,0.0,266.29,532.58
706,249,21,3,955.42,0.1,859.88,2579.64
707,249,33,4,261.03,0.05,247.98,991.92
708,249,25,3,140.28,0.2,112.22,336.66
709,250,29,2,156.54,0.0,156.54,313.08
710,250,52,4,122.31,0.1,110.08,440.32
711,250,9,3,205.92,0.0,205.92,617.76
712,251,56,2,306.62,0.0,306.62,613.24
713,251,21,2,955.42,0.0,955.42,1910.84
714,251,46,2,41.57,0.2,33.26,66.52
715,251,48,3,244.71,0.1,220.24,660.72
716,251,60,3,585.06,0.1,526.55,1579.65
717,252,46,2,41.57,0.15,35.33,70.66
718,252,42,3,121.24,0.0,121.24,363.72
719,253,49,3,69.4,0.0,69.4,208.2
720,254,31,4,455.44,0.0,455.44,1821.76
721,254,38,3,446.47,0.0,446.47,1339.41
722,254,37,4,213.33,0.0,213.33,853.32
723,254,43,1,91.79,0.0,91.79,91.79
724,254,46,1,41.57,0.0,41.57,41.57
725,255,25,2,140.28,0.0,140.28,280.56
726,256,43,1,91.79,0.0,91.79,91.79
727,257,18,2,69.07,0.0,69.07,138.14
728,257,49,3,69.4,0.2,55.52,166.56
729,258,10,3,1023.73,0.1,921.36,2764.08
730,258,54,2,379.91,0.2,303.93,607.86
731,258,4,1,61.41,0.0,61.41,61.41
732,259,53,2,234.71,0.0,234.71,469.42
733,259,29,4,156.54,0.1,140.89,563.56
734,259,7,2,431.83,0.0,431.83,863.66
735,260,51,1,424.76,0.0,424.76,424.76
736,260,52,4,122.31,0.0,122.31,489.24
737,260,45,4,1408.96,0.0,1408.96,5635.84
738,260,19,4,155.52,0.0,155.52,622.08
739,260,43,3,91.79,0.0,91.79,275.37
740,261,4,4,61.41,0.05,58.34,233.36
741,261,1,2,575.98,0.0,575.98,1151.96
742,261,48,3,244.71,0.0,244.71,734.13
743,261,17,2,234.66,0.1,211.19,422.38
744,261,13,2,112.05,0.0,112.05,224.1
745,262,29,1,156.54,0.0,156.54,156.54
746,262,12,2,585.17,0.1,526.65,1053.3
747,262,44,2,512.62,0.0,512.62,1025.24
748,263,8,3,366.09,0.0,366.09,1098.27
749,263,25,2,140.28,0.0,140.28,280.56
750,263,3,2,267.36,0.0,267.36,534.72
751,263,28,3,150.46,0.0,150.46,451.38
752,263,18,1,69.07,0.1,62.16,62.16
753,264,30,2,357.67,0.0,357.67,715.34
754,264,46,1,41.57,0.0,41.57,41.57
755,264,60,2,585.06,0.0,585.06,1170.12
756,265,39,3,551.63,0.0,551.63,1654.89
757,265,4,4,61.41,0.05,58.34,233.36
758,265,50,3,171.35,0.0,171.35,514.05
759,266,51,3,424.76,0.0,424.76,1274.28
760,267,15,2,1709.89,0.0,1709.89,3419.78
761,267,12,4,585.17,0.0,585.17,2340.68
762,267,34,4,361.16,0.0,361.16,1444.64
763,267,5,1,28.37,0.1,25.53,25.53
764,267,51,3,424.76,0.0,424.76,1274.28
765,268,57,3,266.29,0.0,266.29,798.87
766,268,14,3,29.13,0.0,29.13,87.39
767,269,19,4,155.52,0.05,147.74,590.96
768,269,14,1,29.13,0.0,29.13,29.13
769,269,49,1,69.4,0.05,65.93,65.93
770,270,29,2,156.54,0.1,140.89,281.78
771,270,16,1,26.93,0.1,24.24,24.24
772,270,58,3,78.3,0.0,78.3,234.9
773,271,59,3,265.31,0.0,265.31,795.93
774,271,51,3,424.76,0.1,382.28,1146.84
775,271,8,1,366.09,0.2,292.87,292.87
776,271,25,3,140.28,0.1,126.25,378.75
777,272,52,3,122.31,0.0,122.31,366.93
778,272,33,2,261.03,0.0,261.03,522.06
779,272,29,3,156.54,0.0,156.54,469.62
780,272,32,1,286.95,0.05,272.6,272.6
781,272,3,1,267.36,0.0,267.36,267.36
782,273,50,1,171.35,0.0,171.35,171.35
783,273,35,1,207.78,0.1,187.0,187.0
784,274,43,2,91.79,0.0,91.79,183.58
785,274,41,4,37.9,0.1,34.11,136.44
786,275,14,4,29.13,0.0,29.13,116.52
787,276,48,2,244.71,0.0,244.71,489.42
788,277,30,3,357.67,0.0,357.67,1073.01
789,278,6,1,50.12,0.1,45.11,45.11
790,279,12,3,585.17,0.0,585.17,1755.51
791,280,5,3,28.37,0.0,28.37,85.11
792,280,37,4,213.33,0.15,181.33,725.32
793,280,53,4,234.71,0.0,234.71,938.84
794,280,15,4,1709.89,0.0,1709.89,6839.56
795,280,59,4,265.31,0.0,265.31,1061.24
796,281,21,1,955.42,0.0,955.42,955.42
797,281,2,1,907.29,0.05,861.93,861.93
798,281,25,1,140.28,0.0,140.28,140.28
799,281,44,1,512.62,0.0,512.62,512.62
800,282,23,1,585.71,0.0,585.71,585.71
801,283,51,1,424.76,0.05,403.52,403.52
802,283,44,3,512.62,0.0,512.62,1537.86
803,283,20,4,266.91,0.0,266.91,1067.64
804,284,26,4,53.77,0.0,53.77,215.08
805,284,53,2,234.71,0.0,234.71,469.42
806,284,43,2,91.79,0.0,91.79,183.58
807,284,2,2,907.29,0.0,907.29,1814.58
808,285,51,3,424.76,0.1,382.28,1146.84
809,285,52,2,122.31,0.0,122.31,244.62
810,285,55,3,28.82,0.15,24.5,73.5
811,285,35,3,207.78,0.2,166.22,498.66
812,286,36,2,1840.75,0.0,1840.75,3681.5
813,287,3,1,267.36,0.0,267.36,267.36
814,288,39,3,551.63,0.0,551.63,1654.89
815,288,26,2,53.77,0.1,48.39,96.78
816,288,35,3,207.78,0.0,207.78,623.34
817,288,36,2,1840.75,0.0,1840.75,3681.5
818,288,6,4,50.12,0.0,50.12,200.48
819,289,10,3,1023.73,0.1,921.36,2764.08
820,289,11,2,1220.15,0.1,1098.13,2196.26
821,289,12,1,585.17,0.0,585.17,585.17
822,289,15,2,1709.89,0.05,1624.4,3248.8
823,289,40,1,542.82,0.0,542.82,542.82
824,290,30,1,357.67,0.0,357.67,357.67
825,290,42,3,121.24,0.1,109.12,327.36
826,290,36,1,1840.75,0.0,1840.75,1840.75
827,290,5,2,28.37,0.0,28.37,56.74
828,290,19,4,155.52,0.0,155.52,622.08
829,291,23,2,585.71,0.1,527.14,1054.28
830,291,9,1,205.92,0.1,185.33,185.33
831,291,43,3,91.79,0.05,87.2,261.6
832,292,5,4,28.37,0.1,25.53,102.12
833,292,58,3,78.3,0.0,78.3,234.9
834,292,13,3,112.05,0.0,112.05,336.15
835,292,21,2,955.42,0.0,955.42,1910.84
836,292,32,3,286.95,0.0,286.95,860.85
837,293,28,3,150.46,0.0,150.46,451.38
838,293,11,2,1220.15,0.15,1037.13,2074.26
839,293,1,2,575.98,0.0,575.98,1151.96
840,294,18,3,69.07,0.0,69.07,207.21
841,294,54,4,379.91,0.0,379.91,1519.64
842,294,24,4,256.27,0.0,256.27,1025.08
843,294,9,4,205.92,0.15,175.03,700.12
844,295,50,1,171.35,0.0,171.35,171.35
845,295,20,2,266.91,0.0,266.91,533.82
846,295,32,1,286.95,0.1,258.25,258.25
847,296,55,2,28.82,0.0,28.82,57.64
848,296,53,3,234.71,0.0,234.71,704.13
849,296,9,1,205.92,0.0,205.92,205.92
850,297,58,1,78.3,0.0,78.3,78.3
851,298,41,2,37.9,0.2,30.32,60.64
852,298,2,1,907.29,0.1,816.56,816.56
853,298,53,3,234.71,0.0,234.71,704.13
854,298,38,4,446.47,0.1,401.82,1607.28
855,298,26,2,53.77,0.0,53.77,107.54
856,299,26,3,53.77,0.0,53.77,161.31
857,299,15,2,1709.89,0.0,1709.89,3419.78
858,299,58,4,78.3,0.0,78.3,313.2
859,300,33,2,261.03,0.0,261.03,522.06
860,300,6,2,50.12,0.05,47.61,95.22
861,300,26,2,53.77,0.15,45.7,91.4
862,300,24,4,256.27,0.0,256.27,1025.08
863,300,1,2,575.98,0.0,575.98,1151.96
864,301,37,2,213.33,0.0,213.33,426.66
865,301,43,4,91.79,0.0,91.79,367.16
866,302,3,4,267.36,0.0,267.36,1069.44
867,302,15,2,1709.89,0.0,1709.89,3419.78
868,302,49,1,69.4,0.1,62.46,62.46
869,303,24,2,256.27,0.0,256.27,512.54
870,303,15,3,1709.89,0.0,1709.89,5129.67
871,303,3,4,267.36,0.0,267.36,1069.44
872,304,59,1,265.31,0.0,265.31,265.31
873,304,30,3,357.67,0.0,357.67,1073.01
874,304,57,1,266.29,0.05,252.98,252.98
875,304,3,3,267.36,0.0,267.36,802.08
876,305,38,2,446.47,0.05,424.15,848.3
877,305,35,4,207.78,0.0,207.78,831.12
878,305,37,4,213.33,0.0,213.33,853.32
879,306,38,1,446.47,0.0,446.47,446.47
880,306,42,3,121.24,0.1,109.12,327.36
881,306,58,4,78.3,0.0,78.3,313.2
882,307,34,3,361.16,0.1,325.04,975.12
883,307,26,3,53.77,0.0,53.77,161.31
884,308,51,1,424.76,0.1,382.28,382.28
885,308,31,2,455.44,0.0,455.44,910.88
886,308,57,4,266.29,0.05,252.98,1011.92
887,308,39,2,551.63,0.0,551.63,1103.26
888,309,5,3,28.37,0.15,24.11,72.33
889,309,33,2,261.03,0.0,261.03,522.06
890,310,12,3,585.17,0.0,585.17,1755.51
891,310,11,1,1220.15,0.0,1220.15,1220.15
892,311,27,3,64.55,0.1,58.09,174.27
893,311,52,1,122.31,0.0,122.31,122.31
894,312,44,2,512.62,0.1,461.36,922.72
895,312,31,4,455.44,0.0,455.44,1821.76
896,312,14,1,29.13,0.0,29.13,29.13
897,312,38,2,446.47,0.0,446.47,892.94
898,313,9,2,205.92,0.2,164.74,329.48
899,314,41,1,37.9,0.05,36.0,36.0
900,314,33,2,261.03,0.15,221.88,443.76
901,315,11,3,1220.15,0.0,1220.15,3660.45
902,316,34,1,361.16,0.05,343.1,343.1
903,316,26,3,53.77,0.05,51.08,153.24
904,317,14,4,29.13,0.0,29.13,116.52
905,318,31,4,455.44,0.1,409.9,1639.6
906,318,56,2,306.62,0.15,260.63,521.26
907,318,11,2,1220.15,0.1,1098.13,2196.26
908,318,15,3,1709.89,0.05,1624.4,4873.2
909,318,54,2,379.91,0.0,379.91,759.82
910,319,60,1,585.06,0.0,585.06,585.06
911,319,30,2,357.67,0.2,286.14,572.28
912,319,39,4,551.63,0.0,551.63,2206.52
913,320,9,4,205.92,0.05,195.62,782.48
914,320,7,2,431.83,0.05,410.24,820.48
915,320,2,1,907.29,0.05,861.93,861.93
916,320,13,2,112.05,0.2,89.64,179.28
917,321,58,1,78.3,0.0,78.3,78.3
918,321,40,1,542.82,0.0,542.82,542.82
919,321,39,4,551.63,0.0,551.63,2206.52
920,321,3,2,267.36,0.0,267.36,534.72
921,322,35,4,207.78,0.0,207.78,831.12
922,322,53,4,234.71,0.0,234.71,938.84
923,322,1,3,575.98,0.1,518.38,1555.14
924,322,58,1,78.3,0.15,66.56,66.56
925,322,50,4,171.35,0.0,171.35,685.4
926,323,52,4,122.31,0.0,122.31,489.24
927,323,31,3,455.44,0.15,387.12,1161.36
928,324,52,1,122.31,0.0,122.31,122.31
929,324,48,4,244.71,0.0,244.71,978.84
930,324,59,2,265.31,0.0,265.31,530.62
931,324,49,3,69.4,0.0,69.4,208.2
932,324,54,4,379.91,0.0,379.91,1519.64
933,325,59,1,265.31,0.2,212.25,212.25
934,325,55,3,28.82,0.0,28.82,86.46
935,326,57,1,266.29,0.0,266.29,266.29
936,326,35,1,207.78,0.0,207.78,207.78
937,326,27,1,64.55,0.0,64.55,64.55
938,326,17,1,234.66,0.05,222.93,222.93
939,326,13,4,112.05,0.1,100.85,403.4
940,327,45,3,1408.96,0.1,1268.06,3804.18
941,327,52,4,122.31,0.0,122.31,489.24
942,328,7,3,431.83,0.15,367.06,1101.18
943,328,10,3,1023.73,0.1,921.36,2764.08
944,328,28,4,150.46,0.1,135.41,541.64
945,329,24,2,256.27,0.0,256.27,512.54
946,329,40,4,542.82,0.0,542.82,2171.28
947,329,18,4,69.07,0.0,69.07,276.28
948,329,44,2,512.62,0.05,486.99,973.98
949,329,26,3,53.77,0.0,53.77,161.31
950,330,36,3,1840.75,0.0,1840.75,5522.25
951,330,31,4,455.44,0.1,409.9,1639.6
952,330,17,2,234.66,0.1,211.19,422.38
953,330,20,1,266.91,0.15,226.87,226.87
954,330,37,2,213.33,0.0,213.33,426.66
955,331,51,2,424.76,0.05,403.52,807.04
956,331,45,4,1408.96,0.0,1408.96,5635.84
957,331,11,3,1220.15,0.0,1220.15,3660.45
958,331,7,1,431.83,0.0,431.83,431.83
959,332,25,1,140.28,0.0,140.28,140.28
960,332,41,1,37.9,0.0,37.9,37.9
961,333,31,4,455.44,0.1,409.9,1639.6
962,333,60,1,585.06,0.0,585.06,585.06
963,334,17,2,234.66,0.05,222.93,445.86
964,335,6,4,50.12,0.0,50.12,200.48
965,335,39,4,551.63,0.0,551.63,2206.52
966,335,3,3,267.36,0.0,267.36,802.08
967,336,4,4,61.41,0.0,61.41,245.64
968,336,50,4,171.35,0.0,171.35,685.4
969,336,53,1,234.71,0.0,234.71,234.71
970,336,12,2,585.17,0.0,585.17,1170.34
971,336,41,3,37.9,0.0,37.9,113.7
972,337,3,2,267.36,0.0,267.36,534.72
973,337,51,2,424.76,0.15,361.05,722.1
974,338,24,2,256.27,0.0,256.27,512.54
975,339,11,1,1220.15,0.05,1159.14,1159.14
976,340,50,4,171.35,0.05,162.78,651.12
977,340,26,4,53.77,0.15,45.7,182.8
978,340,23,2,585.71,0.1,527.14,1054.28
979,341,1,1,575.98,0.0,575.98,575.98
980,341,48,3,244.71,0.05,232.47,697.41
981,341,46,3,41.57,0.1,37.41,112.23
982,341,5,3,28.37,0.0,28.37,85.11
983,341,59,3,265.31,0.0,265.31,795.93
984,342,39,4,551.63,0.0,551.63,2206.52
985,342,13,4,112.05,0.1,100.85,403.4
986,343,1,1,575.98,0.1,518.38,518.38
987,343,17,1,234.66,0.0,234.66,234.66
988,343,12,3,585.17,0.0,585.17,1755.51
989,343,27,3,64.55,0.0,64.55,193.65
990,343,33,1,261.03,0.0,261.03,261.03
991,344,17,3,234.66,0.2,187.73,563.19
992,344,57,4,266.29,0.0,266.29,1065.16
993,344,35,4,207.78,0.0,207.78,831.12
994,344,53,4,234.71,0.0,234.71,938.84
995,344,51,2,424.76,0.05,403.52,807.04
996,345,50,4,171.35,0.0,171.35,685.4
997,345,30,1,357.67,0.05,339.79,339.79
998,345,44,4,512.62,0.0,512.62,2050.48
999,346,17,1,234.66,0.0,234.66,234.66
1000,347,41,2,37.9,0.0,37.9,75.8
1001,347,51,3,424.76,0.0,424.76,1274.28
1002,347,15,4,1709.89,0.0,1709.89,6839.56
1003,347,44,3,512.62,0.15,435.73,1307.19
1004,348,35,2,207.78,0.1,187.0,374.0
1005,348,1,3,575.98,0.2,460.78,1382.34
1006,348,45,1,1408.96,0.0,1408.96,1408.96
1007,348,54,4,379.91,0.2,303.93,1215.72
1008,348,17,3,234.66,0.0,234.66,703.98
1009,349,36,2,1840.75,0.0,1840.75,3681.5
1010,350,21,3,955.42,0.0,955.42,2866.26
1011,350,23,2,585.71,0.0,585.71,1171.42
1012,350,14,2,29.13,0.05,27.67,55.34
1013,350,58,4,78.3,0.0,78.3,313.2
1014,351,16,2,26.93,0.0,26.93,53.86
1015,351,48,3,244.71,0.05,232.47,697.41
1016,352,15,2,1709.89,0.0,1709.89,3419.78
1017,352,13,3,112.05,0.0,112.05,336.15
1018,353,50,1,171.35,0.0,171.35,171.35
1019,353,7,1,431.83,0.1,388.65,388.65
1020,354,40,1,542.82,0.1,488.54,488.54
1021,354,1,4,575.98,0.0,575.98,2303.92
1022,354,49,3,69.4,0.0,69.4,208.2
1023,354,55,3,28.82,0.0,28.82,86.46
1024,355,58,3,78.3,0.1,70.47,211.41
1025,355,57,4,266.29,0.0,266.29,1065.16
1026,355,37,2,213.33,0.0,213.33,426.66
1027,355,56,3,306.62,0.0,306.62,919.86
1028,356,15,1,1709.89,0.0,1709.89,1709.89
1029,356,49,4,69.4,0.0,69.4,277.6
1030,356,37,4,213.33,0.1,192.0,768.0
1031,356,9,1,205.92,0.0,205.92,205.92
1032,357,23,2,585.71,0.0,585.71,1171.42
1033,357,26,4,53.77,0.1,48.39,193.56
1034,357,56,1,306.62,0.1,275.96,275.96
1035,357,44,4,512.62,0.0,512.62,2050.48
1036,357,50,3,171.35,0.0,171.35,514.05
1037,358,1,2,575.98,0.0,575.98,1151.96
1038,359,38,3,446.47,0.15,379.5,1138.5
1039,359,7,2,431.83,0.0,431.83,863.66
1040,359,21,3,955.42,0.15,812.11,2436.33
1041,359,24,2,256.27,0.05,243.46,486.92
1042,360,31,3,455.44,0.0,455.44,1366.32
1043,360,40,2,542.82,0.0,542.82,1085.64
1044,360,22,4,144.23,0.0,144.23,576.92
1045,361,14,3,29.13,0.0,29.13,87.39
1046,361,27,3,64.55,0.0,64.55,193.65
1047,361,45,4,1408.96,0.05,1338.51,5354.04
1048,361,49,3,69.4,0.2,55.52,166.56
1049,362,12,2,585.17,0.0,585.17,1170.34
1050,362,37,1,213.33,0.05,202.66,202.66
1051,362,9,3,205.92,0.0,205.92,617.76
1052,362,44,2,512.62,0.0,512.62,1025.24
1053,363,28,2,150.46,0.0,150.46,300.92
1054,363,55,4,28.82,0.05,27.38,109.52
1055,363,25,1,140.28,0.15,119.24,119.24
1056,363,13,2,112.05,0.05,106.45,212.9
1057,363,10,4,1023.73,0.0,1023.73,4094.92
1058,364,9,3,205.92,0.0,205.92,617.76
1059,364,58,4,78.3,0.0,78.3,313.2
1060,364,55,3,28.82,0.0,28.82,86.46
1061,364,41,3,37.9,0.1,34.11,102.33
1062,365,55,2,28.82,0.1,25.94,51.88
1063,365,37,1,213.33,0.05,202.66,202.66
1064,365,4,2,61.41,0.0,61.41,122.82
1065,365,26,3,53.77,0.0,53.77,161.31
1066,365,7,4,431.83,0.0,431.83,1727.32
1067,366,29,3,156.54,0.0,156.54,469.62
1068,367,24,3,256.27,0.0,256.27,768.81
1069,367,36,3,1840.75,0.05,1748.71,5246.13
1070,367,60,1,585.06,0.05,555.81,555.81
1071,368,8,2,366.09,0.0,366.09,732.18
1072,368,23,2,585.71,0.0,585.71,1171.42
1073,368,56,3,306.62,0.0,306.62,919.86
1074,368,44,3,512.62,0.0,512.62,1537.86
1075,369,44,4,512.62,0.1,461.36,1845.44
1076,369,33,1,261.03,0.0,261.03,261.03
1077,369,32,4,286.95,0.0,286.95,1147.8
1078,370,19,2,155.52,0.0,155.52,311.04
1079,370,30,3,357.67,0.1,321.9,965.7
1080,370,41,4,37.9,0.0,37.9,151.6
1081,370,10,4,1023.73,0.0,1023.73,4094.92
1082,370,56,1,306.62,0.0,306.62,306.62
1083,371,11,3,1220.15,0.05,1159.14,3477.42
1084,372,21,3,955.42,0.15,812.11,2436.33
1085,372,42,3,121.24,0.0,121.24,363.72
1086,373,42,3,121.24,0.1,109.12,327.36
1087,373,26,4,53.77,0.15,45.7,182.8
1088,373,18,4,69.07,0.15,58.71,234.84
1089,373,57,2,266.29,0.05,252.98,505.96
1090,373,29,2,156.54,0.05,148.71,297.42
1091,374,9,2,205.92,0.0,205.92,411.84
1092,375,48,2,244.71,0.1,220.24,440.48
1093,375,45,2,1408.96,0.0,1408.96,2817.92
1094,375,6,4,50.12,0.05,47.61,190.44
1095,376,7,1,431.83,0.0,431.83,431.83
1096,377,36,4,1840.75,0.05,1748.71,6994.84
1097,377,4,1,61.41,0.1,55.27,55.27
1098,377,2,1,907.29,0.0,907.29,907.29
1099,377,50,3,171.35,0.1,154.21,462.63
1100,378,10,4,1023.73,0.0,1023.73,4094.92
1101,378,6,3,50.12,0.1,45.11,135.33
1102,378,42,2,121.24,0.0,121.24,242.48
1103,378,60,2,585.06,0.0,585.06,1170.12
1104,378,57,3,266.29,0.15,226.35,679.05
1105,379,41,2,37.9,0.0,37.9,75.8
1106,379,9,1,205.92,0.1,185.33,185.33
1107,379,34,1,361.16,0.0,361.16,361.16
1108,379,54,3,379.91,0.0,379.91,1139.73
1109,380,56,3,306.62,0.0,306.62,919.86
1110,380,31,4,455.44,0.0,455.44,1821.76
1111,380,30,2,357.67,0.0,357.67,715.34
1112,381,12,4,585.17,0.0,585.17,2340.68
1113,381,38,3,446.47,0.0,446.47,1339.41
1114,381,39,3,551.63,0.0,551.63,1654.89
1115,381,30,4,357.67,0.2,286.14,1144.56
1116,381,41,2,37.9,0.2,30.32,60.64
1117,382,29,3,156.54,0.0,156.54,469.62
1118,383,27,3,64.55,0.05,61.32,183.96
1119,383,17,1,234.66,0.0,234.66,234.66
1120,383,10,1,1023.73,0.05,972.54,972.54
1121,384,53,3,234.71,0.1,211.24,633.72
1122,384,49,4,69.4,0.15,58.99,235.96
1123,384,55,1,28.82,0.0,28.82,28.82
1124,384,9,4,205.92,0.1,185.33,741.32
1125,384,23,4,585.71,0.0,585.71,2342.84
1126,385,1,3,575.98,0.2,460.78,1382.34
1127,385,50,2,171.35,0.0,171.35,342.7
1128,385,28,1,150.46,0.05,142.94,142.94
1129,386,24,4,256.27,0.05,243.46,973.84
1130,386,13,4,112.05,0.05,106.45,425.8
1131,386,27,2,64.55,0.0,64.55,129.1
1132,386,57,2,266.29,0.15,226.35,452.7
1133,386,36,4,1840.75,0.0,1840.75,7363.0
1134,387,15,2,1709.89,0.05,1624.4,3248.8
1135,387,17,3,234.66,0.0,234.66,703.98
1136,387,6,3,50.12,0.0,50.12,150.36
1137,387,28,3,150.46,0.0,150.46,451.38
1138,388,13,2,112.05,0.0,112.05,224.1
1139,388,55,3,28.82,0.0,28.82,86.46
1140,388,5,1,28.37,0.0,28.37,28.37
1141,388,12,4,585.17,0.0,585.17,2340.68
1142,389,29,2,156.54,0.1,140.89,281.78
1143,389,18,3,69.07,0.1,62.16,186.48
1144,389,45,1,1408.96,0.0,1408.96,1408.96
1145,389,40,2,542.82,0.0,542.82,1085.64
1146,389,32,1,286.95,0.0,286.95,286.95
1147,390,2,2,907.29,0.0,907.29,1814.58
1148,390,12,4,585.17,0.05,555.91,2223.64
1149,390,7,1,431.83,0.05,410.24,410.24
1150,390,19,2,155.52,0.0,155.52,311.04
1151,390,18,1,69.07,0.0,69.07,69.07
1152,391,1,2,575.98,0.0,575.98,1151.96
1153,391,32,3,286.95,0.1,258.25,774.75
1154,392,20,3,266.91,0.2,213.53,640.59
1155,392,51,4,424.76,0.0,424.76,1699.04
1156,392,52,1,122.31,0.0,122.31,122.31
1157,392,32,3,286.95,0.1,258.25,774.75
1158,393,54,2,379.91,0.15,322.92,645.84
1159,394,18,4,69.07,0.0,69.07,276.28
1160,395,35,4,207.78,0.0,207.78,831.12
1161,396,13,3,112.05,0.0,112.05,336.15
1162,396,58,4,78.3,0.0,78.3,313.2
1163,397,8,2,366.09,0.0,366.09,732.18
1164,398,50,1,171.35,0.0,171.35,171.35
1165,398,29,2,156.54,0.0,156.54,313.08
1166,398,16,4,26.93,0.0,26.93,107.72
1167,398,48,1,244.71,0.1,220.24,220.24
1168,399,43,3,91.79,0.0,91.79,275.37
1169,399,14,3,29.13,0.0,29.13,87.39
1170,399,31,2,455.44,0.0,455.44,910.88
1171,399,25,1,140.28,0.0,140.28,140.28
1172,399,44,1,512.62,0.2,410.1,410.1
1173,400,31,2,455.44,0.0,455.44,910.88
1174,400,41,3,37.9,0.0,37.9,113.7
1175,400,20,1,266.91,0.05,253.56,253.56
1176,401,8,4,366.09,0.0,366.09,1464.36
1177,401,16,3,26.93,0.15,22.89,68.67
1178,402,11,3,1220.15,0.0,1220.15,3660.45
1179,403,8,1,366.09,0.0,366.09,366.09
1180,403,26,4,53.77,0.0,53.77,215.08
1181,403,51,2,424.76,0.0,424.76,849.52
1182,403,16,3,26.93,0.1,24.24,72.72
1183,403,1,1,575.98,0.1,518.38,518.38
1184,404,11,1,1220.15,0.0,1220.15,1220.15
1185,404,32,3,286.95,0.0,286.95,860.85
1186,405,4,3,61.41,0.1,55.27,165.81
1187,406,45,1,1408.96,0.15,1197.62,1197.62
1188,406,35,2,207.78,0.0,207.78,415.56
1189,407,15,3,1709.89,0.0,1709.89,5129.67
1190,407,21,4,955.42,0.0,955.42,3821.68
1191,407,36,2,1840.75,0.1,1656.67,3313.34
1192,407,51,1,424.76,0.0,424.76,424.76
1193,408,23,1,585.71,0.0,585.71,585.71
1194,408,47,4,294.92,0.1,265.43,1061.72
1195,408,9,4,205.92,0.0,205.92,823.68
1196,408,17,3,234.66,0.0,234.66,703.98
1197,409,45,3,1408.96,0.0,1408.96,4226.88
1198,409,32,3,286.95,0.0,286.95,860.85
1199,409,13,4,112.05,0.0,112.05,448.2
1200,409,37,3,213.33,0.0,213.33,639.99
1201,409,12,2,585.17,0.0,585.17,1170.34
1202,410,34,2,361.16,0.0,361.16,722.32
1203,411,19,3,155.52,0.1,139.97,419.91
1204,411,53,4,234.71,0.1,211.24,844.96
1205,411,17,1,234.66,0.0,234.66,234.66
1206,411,35,4,207.78,0.0,207.78,831.12
1207,412,57,3,266.29,0.0,266.29,798.87
1208,412,2,2,907.29,0.0,907.29,1814.58
1209,413,47,4,294.92,0.0,294.92,1179.68
1210,413,5,2,28.37,0.05,26.95,53.9
1211,413,43,4,91.79,0.0,91.79,367.16
1212,414,10,3,1023.73,0.0,1023.73,3071.19
1213,414,40,1,542.82,0.0,542.82,542.82
1214,414,19,1,155.52,0.05,147.74,147.74
1215,414,21,1,955.42,0.0,955.42,955.42
1216,414,27,1,64.55,0.05,61.32,61.32
1217,415,12,1,585.17,0.0,585.17,585.17
1218,415,56,2,306.62,0.1,275.96,551.92
1219,416,32,2,286.95,0.1,258.25,516.5
1220,417,3,4,267.36,0.0,267.36,1069.44
1221,418,34,3,361.16,0.0,361.16,1083.48
1222,418,40,1,542.82,0.0,542.82,542.82
1223,418,45,3,1408.96,0.0,1408.96,4226.88
1224,418,38,2,446.47,0.05,424.15,848.3
1225,419,46,2,41.57,0.1,37.41,74.82
1226,419,5,4,28.37,0.05,26.95,107.8
1227,419,1,1,575.98,0.1,518.38,518.38
1228,419,60,4,585.06,0.0,585.06,2340.24
1229,419,59,1,265.31,0.0,265.31,265.31
1230,420,36,4,1840.75,0.05,1748.71,6994.84
1231,420,48,3,244.71,0.0,244.71,734.13
1232,420,57,1,266.29,0.05,252.98,252.98
1233,421,18,3,69.07,0.0,69.07,207.21
1234,421,34,1,361.16,0.0,361.16,361.16
1235,421,3,2,267.36,0.2,213.89,427.78
1236,421,47,1,294.92,0.0,294.92,294.92
1237,421,5,1,28.37,0.2,22.7,22.7
1238,422,35,2,207.78,0.2,166.22,332.44
1239,422,25,2,140.28,0.1,126.25,252.5
1240,423,43,4,91.79,0.05,87.2,348.8
1241,423,16,1,26.93,0.0,26.93,26.93
1242,423,37,3,213.33,0.1,192.0,576.0
1243,423,41,4,37.9,0.0,37.9,151.6
1244,423,12,4,585.17,0.0,585.17,2340.68
1245,424,11,2,1220.15,0.05,1159.14,2318.28
1246,425,26,4,53.77,0.0,53.77,215.08
1247,425,33,3,261.03,0.0,261.03,783.09
1248,425,22,3,144.23,0.0,144.23,432.69
1249,425,43,3,91.79,0.0,91.79,275.37
1250,425,11,3,1220.15,0.1,1098.13,3294.39
1251,426,49,3,69.4,0.0,69.4,208.2
1252,426,41,2,37.9,0.15,32.22,64.44
1253,426,28,2,150.46,0.05,142.94,285.88
1254,426,53,4,234.71,0.1,211.24,844.96
1255,427,60,4,585.06,0.0,585.06,2340.24
1256,427,48,4,244.71,0.1,220.24,880.96
1257,427,17,1,234.66,0.0,234.66,234.66
1258,427,24,1,256.27,0.1,230.64,230.64
1259,427,29,3,156.54,0.0,156.54,469.62
1260,428,2,1,907.29,0.1,816.56,816.56
1261,428,34,3,361.16,0.2,288.93,866.79
1262,428,9,2,205.92,0.0,205.92,411.84
1263,428,57,2,266.29,0.0,266.29,532.58
1264,428,20,3,266.91,0.1,240.22,720.66
1265,429,50,3,171.35,0.0,171.35,514.05
1266,430,33,1,261.03,0.1,234.93,234.93
1267,430,36,1,1840.75,0.0,1840.75,1840.75
1268,430,37,4,213.33,0.0,213.33,853.32
1269,430,60,3,585.06,0.2,468.05,1404.15
1270,430,10,2,1023.73,0.05,972.54,1945.08
1271,431,17,2,234.66,0.1,211.19,422.38
1272,431,24,2,256.27,0.0,256.27,512.54
1273,432,52,4,122.31,0.05,116.19,464.76
1274,432,20,2,266.91,0.0,266.91,533.82
1275,432,6,1,50.12,0.05,47.61,47.61
1276,433,51,4,424.76,0.05,403.52,1614.08
1277,433,31,1,455.44,0.0,455.44,455.44
1278,433,12,3,585.17,0.0,585.17,1755.51
1279,434,47,4,294.92,0.0,294.92,1179.68
1280,435,50,1,171.35,0.1,154.21,154.21
1281,436,23,4,585.71,0.0,585.71,2342.84
1282,436,57,4,266.29,0.05,252.98,1011.92
1283,436,53,1,234.71,0.0,234.71,234.71
1284,437,48,1,244.71,0.05,232.47,232.47
1285,437,42,4,121.24,0.05,115.18,460.72
1286,438,20,1,266.91,0.0,266.91,266.91
1287,439,35,3,207.78,0.0,207.78,623.34
1288,439,37,2,213.33,0.0,213.33,426.66
1289,439,10,2,1023.73,0.05,972.54,1945.08
1290,440,44,4,512.62,0.1,461.36,1845.44
1291,441,49,1,69.4,0.0,69.4,69.4
1292,441,39,2,551.63,0.05,524.05,1048.1
1293,441,37,4,213.33,0.0,213.33,853.32
1294,441,33,3,261.03,0.0,261.03,783.09
1295,442,10,4,1023.73,0.15,870.17,3480.68
1296,442,9,1,205.92,0.0,205.92,205.92
1297,442,22,4,144.23,0.0,144.23,576.92
1298,442,6,3,50.12,0.0,50.12,150.36
1299,443,26,4,53.77,0.0,53.77,215.08
1300,444,49,4,69.4,0.0,69.4,277.6
1301,444,9,2,205.92,0.0,205.92,411.84
1302,445,26,2,53.77,0.05,51.08,102.16
1303,445,42,2,121.24,0.0,121.24,242.48
1304,445,37,1,213.33,0.0,213.33,213.33
1305,445,13,3,112.05,0.0,112.05,336.15
1306,446,21,1,955.42,0.0,955.42,955.42
1307,446,44,1,512.62,0.05,486.99,486.99
1308,446,60,4,585.06,0.2,468.05,1872.2
1309,446,37,4,213.33,0.0,213.33,853.32
1310,447,23,3,585.71,0.1,527.14,1581.42
1311,447,13,1,112.05,0.0,112.05,112.05
1312,447,21,3,955.42,0.0,955.42,2866.26
1313,448,23,4,585.71,0.0,585.71,2342.84
1314,448,40,2,542.82,0.0,542.82,1085.64
1315,449,3,2,267.36,0.0,267.36,534.72
1316,449,60,3,585.06,0.05,555.81,1667.43
1317,449,53,2,234.71,0.0,234.71,469.42
1318,449,15,1,1709.89,0.15,1453.41,1453.41
1319,450,48,1,244.71,0.0,244.71,244.71
1320,451,40,2,542.82,0.0,542.82,1085.64
1321,451,60,3,585.06,0.05,555.81,1667.43
1322,452,22,1,144.23,0.0,144.23,144.23
1323,453,29,3,156.54,0.0,156.54,469.62
1324,453,31,2,455.44,0.05,432.67,865.34
1325,453,2,2,907.29,0.15,771.2,1542.4
1326,454,35,3,207.78,0.1,187.0,561.0
1327,454,34,4,361.16,0.05,343.1,1372.4
1328,455,47,4,294.92,0.05,280.17,1120.68
1329,455,10,1,1023.73,0.15,870.17,870.17
1330,455,45,3,1408.96,0.0,1408.96,4226.88
1331,455,43,2,91.79,0.0,91.79,183.58
1332,455,2,1,907.29,0.0,907.29,907.29
1333,456,13,3,112.05,0.0,112.05,336.15
1334,456,51,1,424.76,0.05,403.52,403.52
1335,456,45,4,1408.96,0.05,1338.51,5354.04
1336,457,5,4,28.37,0.0,28.37,113.48
1337,458,43,3,91.79,0.0,91.79,275.37
1338,458,55,1,28.82,0.05,27.38,27.38
1339,458,59,1,265.31,0.0,265.31,265.31
1340,459,56,4,306.62,0.05,291.29,1165.16
1341,459,57,2,266.29,0.0,266.29,532.58
1342,459,42,4,121.24,0.0,121.24,484.96
1343,460,46,1,41.57,0.0,41.57,41.57
1344,460,7,2,431.83,0.0,431.83,863.66
1345,460,58,2,78.3,0.1,70.47,140.94
1346,460,21,4,955.42,0.15,812.11,3248.44
1347,460,32,1,286.95,0.05,272.6,272.6
1348,461,16,3,26.93,0.0,26.93,80.79
1349,462,32,2,286.95,0.0,286.95,573.9
1350,462,26,1,53.77,0.05,51.08,51.08
1351,462,48,3,244.71,0.1,220.24,660.72
1352,463,23,2,585.71,0.0,585.71,1171.42
1353,463,41,3,37.9,0.0,37.9,113.7
1354,463,20,1,266.91,0.05,253.56,253.56
1355,464,57,1,266.29,0.0,266.29,266.29
1356,464,25,3,140.28,0.0,140.28,420.84
1357,464,53,2,234.71,0.0,234.71,469.42
1358,465,22,4,144.23,0.0,144.23,576.92
1359,465,58,2,78.3,0.1,70.47,140.94
1360,466,47,4,294.92,0.15,250.68,1002.72
1361,467,44,4,512.62,0.0,512.62,2050.48
1362,467,40,2,542.82,0.0,542.82,1085.64
1363,467,56,2,306.62,0.0,306.62,613.24
1364,467,41,4,37.9,0.0,37.9,151.6
1365,467,15,3,1709.89,0.0,1709.89,5129.67
1366,468,22,2,144.23,0.05,137.02,274.04
1367,468,29,2,156.54,0.0,156.54,313.08
1368,468,35,2,207.78,0.0,207.78,415.56
1369,468,9,3,205.92,0.0,205.92,617.76
1370,468,14,2,29.13,0.0,29.13,58.26
1371,469,59,2,265.31,0.0,265.31,530.62
1372,469,50,3,171.35,0.0,171.35,514.05
1373,469,10,1,1023.73,0.2,818.98,818.98
1374,469,42,1,121.24,0.0,121.24,121.24
1375,470,21,2,955.42,0.0,955.42,1910.84
1376,470,54,1,379.91,0.1,341.92,341.92
1377,471,57,4,266.29,0.2,213.03,852.12
1378,471,27,3,64.55,0.0,64.55,193.65
1379,471,20,2,266.91,0.1,240.22,480.44
1380,472,7,2,431.83,0.0,431.83,863.66
1381,472,9,1,205.92,0.0,205.92,205.92
1382,473,40,2,542.82,0.0,542.82,1085.64
1383,473,18,2,69.07,0.05,65.62,131.24
1384,473,39,1,551.63,0.05,524.05,524.05
1385,473,37,3,213.33,0.0,213.33,639.99
1386,473,15,1,1709.89,0.0,1709.89,1709.89
1387,474,9,4,205.92,0.05,195.62,782.48
1388,474,33,3,261.03,0.0,261.03,783.09
1389,474,55,2,28.82,0.0,28.82,57.64
1390,474,39,4,551.63,0.05,524.05,2096.2
1391,475,31,2,455.44,0.05,432.67,865.34
1392,475,9,1,205.92,0.1,185.33,185.33
1393,475,11,4,1220.15,0.1,1098.13,4392.52
1394,475,13,1,112.05,0.0,112.05,112.05
1395,476,27,2,64.55,0.05,61.32,122.64
1396,476,15,2,1709.89,0.05,1624.4,3248.8
1397,476,48,1,244.71,0.0,244.71,244.71
1398,477,60,4,585.06,0.0,585.06,2340.24
1399,477,29,3,156.54,0.0,156.54,469.62
1400,478,57,1,266.29,0.0,266.29,266.29
1401,478,16,4,26.93,0.05,25.58,102.32
1402,478,28,3,150.46,0.1,135.41,406.23
1403,478,26,4,53.77,0.0,53.77,215.08
1404,479,48,1,244.71,0.0,244.71,244.71
1405,479,37,1,213.33,0.2,170.66,170.66
1406,479,39,4,551.63,0.0,551.63,2206.52
1407,479,35,4,207.78,0.0,207.78,831.12
1408,479,34,1,361.16,0.0,361.16,361.16
1409,480,34,4,361.16,0.0,361.16,1444.64
1410,480,35,1,207.78,0.0,207.78,207.78
1411,481,25,2,140.28,0.0,140.28,280.56
1412,481,34,3,361.16,0.0,361.16,1083.48
1413,481,49,4,69.4,0.0,69.4,277.6
1414,481,41,4,37.9,0.0,37.9,151.6
1415,481,4,3,61.41,0.0,61.41,184.23
1416,482,30,3,357.67,0.05,339.79,1019.37
1417,482,11,1,1220.15,0.1,1098.13,1098.13
1418,482,28,2,150.46,0.0,150.46,300.92
1419,483,54,1,379.91,0.0,379.91,379.91
1420,483,42,2,121.24,0.05,115.18,230.36
1421,483,29,2,156.54,0.0,156.54,313.08
1422,483,6,4,50.12,0.0,50.12,200.48
1423,484,21,4,955.42,0.05,907.65,3630.6
1424,484,29,2,156.54,0.1,140.89,281.78
1425,484,2,4,907.29,0.1,816.56,3266.24
1426,484,12,1,585.17,0.0,585.17,585.17
1427,485,21,2,955.42,0.05,907.65,1815.3
1428,485,45,1,1408.96,0.0,1408.96,1408.96
1429,485,42,1,121.24,0.05,115.18,115.18
1430,486,46,4,41.57,0.0,41.57,166.28
1431,487,6,4,50.12,0.0,50.12,200.48
1432,487,34,2,361.16,0.05,343.1,686.2
1433,487,46,4,41.57,0.0,41.57,166.28
1434,488,25,3,140.28,0.0,140.28,420.84
1435,488,3,2,267.36,0.15,227.26,454.52
1436,488,50,2,171.35,0.0,171.35,342.7
1437,488,11,2,1220.15,0.0,1220.15,2440.3
1438,488,59,2,265.31,0.0,265.31,530.62
1439,489,27,3,64.55,0.1,58.09,174.27
1440,490,47,3,294.92,0.05,280.17,840.51
1441,490,50,2,171.35,0.0,171.35,342.7
1442,490,29,1,156.54,0.05,148.71,148.71
1443,491,13,3,112.05,0.0,112.05,336.15
1444,491,1,1,575.98,0.1,518.38,518.38
1445,492,32,1,286.95,0.0,286.95,286.95
1446,492,55,4,28.82,0.0,28.82,115.28
1447,492,35,2,207.78,0.15,176.61,353.22
1448,492,52,2,122.31,0.0,122.31,244.62
1449,493,43,1,91.79,0.0,91.79,91.79
1450,493,31,1,455.44,0.0,455.44,455.44
1451,493,30,2,357.67,0.2,286.14,572.28
1452,493,27,3,64.55,0.0,64.55,193.65
1453,493,29,2,156.54,0.0,156.54,313.08
1454,494,12,2,585.17,0.0,585.17,1170.34
1455,495,42,3,121.24,0.0,121.24,363.72
1456,496,10,1,1023.73,0.0,1023.73,1023.73
1457,497,54,1,379.91,0.05,360.91,360.91
1458,497,39,1,551.63,0.2,441.3,441.3
1459,497,20,1,266.91,0.0,266.91,266.91
1460,497,22,4,144.23,0.0,144.23,576.92
1461,497,59,2,265.31,0.0,265.31,530.62
1462,498,44,2,512.62,0.0,512.62,1025.24
1463,498,19,4,155.52,0.1,139.97,559.88
1464,499,24,3,256.27,0.0,256.27,768.81
1465,499,60,3,585.06,0.0,585.06,1755.18
1466,499,3,3,267.36,0.05,253.99,761.97
1467,499,6,4,50.12,0.0,50.12,200.48
1468,499,50,1,171.35,0.05,162.78,162.78
1469,500,54,4,379.91,0.0,379.91,1519.64
1470,500,36,2,1840.75,0.1,1656.67,3313.34
1471,500,5,1,28.37,0.15,24.11,24.11
1472,500,19,3,155.52,0.05,147.74,443.22
1473,501,34,2,361.16,0.15,306.99,613.98
1474,501,27,1,64.55,0.0,64.55,64.55
1475,501,14,1,29.13,0.0,29.13,29.13
1476,502,47,3,294.92,0.05,280.17,840.51
1477,502,41,4,37.9,0.0,37.9,151.6
1478,502,34,3,361.16,0.0,361.16,1083.48
1479,502,6,3,50.12,0.0,50.12,150.36
1480,502,31,3,455.44,0.0,455.44,1366.32
1481,503,40,4,542.82,0.0,542.82,2171.28
1482,503,37,4,213.33,0.0,213.33,853.32
1483,504,52,2,122.31,0.05,116.19,232.38
1484,504,12,3,585.17,0.0,585.17,1755.51
1485,504,57,2,266.29,0.0,266.29,532.58
1486,504,40,1,542.82,0.0,542.82,542.82
1487,505,2,4,907.29,0.0,907.29,3629.16
1488,506,48,2,244.71,0.1,220.24,440.48
1489,507,27,2,64.55,0.0,64.55,129.1
1490,507,3,1,267.36,0.0,267.36,267.36
1491,507,22,2,144.23,0.1,129.81,259.62
1492,507,23,3,585.71,0.0,585.71,1757.13
1493,507,36,3,1840.75,0.0,1840.75,5522.25
1494,508,20,3,266.91,0.0,266.91,800.73
1495,509,36,3,1840.75,0.15,1564.64,4693.92
1496,509,21,3,955.42,0.0,955.42,2866.26
1497,509,50,4,171.35,0.0,171.35,685.4
1498,509,1,1,575.98,0.0,575.98,575.98
1499,509,8,2,366.09,0.0,366.09,732.18
1500,510,22,3,144.23,0.0,144.23,432.69
1501,510,54,4,379.91,0.0,379.91,1519.64
1502,511,52,4,122.31,0.0,122.31,489.24
1503,511,3,2,267.36,0.15,227.26,454.52
1504,511,42,4,121.24,0.1,109.12,436.48
1505,511,9,3,205.92,0.0,205.92,617.76
1506,512,51,1,424.76,0.1,382.28,382.28
1507,512,53,3,234.71,0.0,234.71,704.13
1508,512,27,3,64.55,0.0,64.55,193.65
1509,512,60,1,585.06,0.05,555.81,555.81
1510,513,37,3,213.33,0.1,192.0,576.0
1511,513,44,3,512.62,0.1,461.36,1384.08
1512,514,10,3,1023.73,0.0,1023.73,3071.19
1513,515,22,4,144.23,0.15,122.6,490.4
1514,516,54,2,379.91,0.0,379.91,759.82
1515,516,11,1,1220.15,0.1,1098.13,1098.13
1516,516,37,3,213.33,0.2,170.66,511.98
1517,516,39,3,551.63,0.0,551.63,1654.89
1518,516,25,1,140.28,0.05,133.27,133.27
1519,517,27,2,64.55,0.0,64.55,129.1
1520,517,6,3,50.12,0.0,50.12,150.36
1521,517,32,4,286.95,0.0,286.95,1147.8
1522,518,14,2,29.13,0.0,29.13,58.26
1523,518,34,1,361.16,0.15,306.99,306.99
1524,518,20,3,266.91,0.05,253.56,760.68
1525,519,50,2,171.35,0.0,171.35,342.7
1526,520,29,1,156.54,0.1,140.89,140.89
1527,521,58,3,78.3,0.15,66.56,199.68
1528,521,33,4,261.03,0.0,261.03,1044.12
1529,521,10,3,1023.73,0.2,818.98,2456.94
1530,521,13,3,112.05,0.0,112.05,336.15
1531,522,50,1,171.35,0.1,154.21,154.21
1532,522,56,2,306.62,0.0,306.62,613.24
1533,523,47,4,294.92,0.0,294.92,1179.68
1534,523,3,4,267.36,0.0,267.36,1069.44
1535,524,8,1,366.09,0.05,347.79,347.79
1536,524,1,3,575.98,0.0,575.98,1727.94
1537,524,20,4,266.91,0.0,266.91,1067.64
1538,524,60,1,585.06,0.0,585.06,585.06
1539,524,3,1,267.36,0.15,227.26,227.26
1540,525,50,3,171.35,0.0,171.35,514.05
1541,525,43,2,91.79,0.0,91.79,183.58
1542,525,48,3,244.71,0.0,244.71,734.13
1543,525,20,2,266.91,0.0,266.91,533.82
1544,525,2,2,907.29,0.1,816.56,1633.12
1545,526,18,4,69.07,0.1,62.16,248.64
1546,526,35,1,207.78,0.0,207.78,207.78
1547,526,21,3,955.42,0.0,955.42,2866.26
1548,527,11,1,1220.15,0.1,1098.13,1098.13
1549,527,18,1,69.07,0.0,69.07,69.07
1550,528,36,3,1840.75,0.1,1656.67,4970.01
1551,528,33,3,261.03,0.05,247.98,743.94
1552,528,7,3,431.83,0.1,388.65,1165.95
1553,528,14,2,29.13,0.0,29.13,58.26
1554,528,35,3,207.78,0.0,207.78,623.34
1555,529,16,3,26.93,0.15,22.89,68.67
1556,529,11,4,1220.15,0.0,1220.15,4880.6
1557,529,5,1,28.37,0.05,26.95,26.95
1558,529,20,2,266.91,0.0,266.91,533.82
1559,529,40,1,542.82,0.05,515.68,515.68
1560,530,58,4,78.3,0.0,78.3,313.2
1561,530,44,1,512.62,0.0,512.62,512.62
1562,530,4,1,61.41,0.0,61.41,61.41
1563,530,7,4,431.83,0.05,410.24,1640.96
1564,531,12,4,585.17,0.1,526.65,2106.6
1565,531,46,3,41.57,0.0,41.57,124.71
1566,531,39,3,551.63,0.0,551.63,1654.89
1567,531,58,3,78.3,0.05,74.38,223.14
1568,532,46,1,41.57,0.0,41.57,41.57
1569,532,49,4,69.4,0.0,69.4,277.6
1570,533,9,4,205.92,0.0,205.92,823.68
1571,533,6,1,50.12,0.0,50.12,50.12
1572,533,53,4,234.71,0.0,234.71,938.84
1573,533,52,3,122.31,0.0,122.31,366.93
1574,533,59,4,265.31,0.0,265.31,1061.24
1575,534,15,3,1709.89,0.0,1709.89,5129.67
1576,534,10,3,1023.73,0.0,1023.73,3071.19
1577,534,56,4,306.62,0.0,306.62,1226.48
1578,534,58,2,78.3,0.0,78.3,156.6
1579,535,51,3,424.76,0.1,382.28,1146.84
1580,535,56,4,306.62,0.0,306.62,1226.48
1581,535,57,4,266.29,0.0,266.29,1065.16
1582,536,5,4,28.37,0.0,28.37,113.48
1583,537,23,4,585.71,0.0,585.71,2342.84
1584,538,55,3,28.82,0.0,28.82,86.46
1585,538,11,2,1220.15,0.0,1220.15,2440.3
1586,538,19,1,155.52,0.1,139.97,139.97
1587,538,50,4,171.35,0.0,171.35,685.4
1588,539,21,1,955.42,0.15,812.11,812.11
1589,540,35,4,207.78,0.0,207.78,831.12
1590,540,30,2,357.67,0.0,357.67,715.34
1591,540,26,2,53.77,0.0,53.77,107.54
1592,541,11,2,1220.15,0.0,1220.15,2440.3
1593,541,31,4,455.44,0.0,455.44,1821.76
1594,541,25,4,140.28,0.05,133.27,533.08
1595,541,5,3,28.37,0.0,28.37,85.11
1596,541,22,2,144.23,0.15,122.6,245.2
1597,542,43,4,91.79,0.1,82.61,330.44
1598,542,5,1,28.37,0.0,28.37,28.37
1599,543,39,4,551.63,0.0,551.63,2206.52
1600,543,30,2,357.67,0.0,357.67,715.34
1601,543,21,3,955.42,0.0,955.42,2866.26
1602,543,36,4,1840.75,0.0,1840.75,7363.0
1603,543,7,1,431.83,0.0,431.83,431.83
1604,544,7,4,431.83,0.0,431.83,1727.32
1605,544,44,3,512.62,0.0,512.62,1537.86
1606,544,53,4,234.71,0.2,187.77,751.08
1607,544,39,1,551.63,0.05,524.05,524.05
1608,544,50,1,171.35,0.15,145.65,145.65
1609,545,53,1,234.71,0.0,234.71,234.71
1610,545,9,2,205.92,0.0,205.92,411.84
1611,546,29,3,156.54,0.0,156.54,469.62
1612,546,35,4,207.78,0.0,207.78,831.12
1613,547,37,3,213.33,0.0,213.33,639.99
1614,547,29,3,156.54,0.05,148.71,446.13
1615,547,13,3,112.05,0.05,106.45,319.35
1616,547,14,4,29.13,0.0,29.13,116.52
1617,547,44,3,512.62,0.0,512.62,1537.86
1618,548,38,1,446.47,0.0,446.47,446.47
1619,549,33,1,261.03,0.0,261.03,261.03
1620,549,26,3,53.77,0.0,53.77,161.31
1621,549,55,1,28.82,0.0,28.82,28.82
1622,549,9,1,205.92,0.0,205.92,205.92
1623,549,19,3,155.52,0.15,132.19,396.57
1624,550,56,3,306.62,0.0,306.62,919.86
1625,551,16,4,26.93,0.05,25.58,102.32
1626,552,26,4,53.77,0.0,53.77,215.08
1627,552,41,4,37.9,0.0,37.9,151.6
1628,552,21,4,955.42,0.0,955.42,3821.68
1629,552,46,2,41.57,0.0,41.57,83.14
1630,552,25,2,140.28,0.0,140.28,280.56
1631,553,9,3,205.92,0.1,185.33,555.99
1632,553,13,4,112.05,0.05,106.45,425.8
1633,553,36,2,1840.75,0.0,1840.75,3681.5
1634,553,25,3,140.28,0.0,140.28,420.84
1635,554,9,1,205.92,0.15,175.03,175.03
1636,554,1,1,575.98,0.0,575.98,575.98
1637,555,47,4,294.92,0.0,294.92,1179.68
1638,555,57,4,266.29,0.0,266.29,1065.16
1639,556,6,4,50.12,0.1,45.11,180.44
1640,556,9,4,205.92,0.2,164.74,658.96
1641,557,60,4,585.06,0.0,585.06,2340.24
1642,557,28,4,150.46,0.1,135.41,541.64
1643,557,40,4,542.82,0.1,488.54,1954.16
1644,557,12,3,585.17,0.0,585.17,1755.51
1645,557,30,2,357.67,0.0,357.67,715.34
1646,558,28,1,150.46,0.0,150.46,150.46
1647,558,39,4,551.63,0.2,441.3,1765.2
1648,559,46,3,41.57,0.0,41.57,124.71
1649,559,33,4,261.03,0.1,234.93,939.72
1650,560,37,3,213.33,0.0,213.33,639.99
1651,560,24,1,256.27,0.05,243.46,243.46
1652,560,3,4,267.36,0.0,267.36,1069.44
1653,560,31,1,455.44,0.0,455.44,455.44
1654,560,46,2,41.57,0.1,37.41,74.82
1655,561,55,1,28.82,0.1,25.94,25.94
1656,561,49,1,69.4,0.1,62.46,62.46
1657,561,50,2,171.35,0.0,171.35,342.7
1658,561,18,4,69.07,0.05,65.62,262.48
1659,561,30,1,357.67,0.0,357.67,357.67
1660,562,52,3,122.31,0.0,122.31,366.93
1661,562,38,1,446.47,0.0,446.47,446.47
1662,562,20,4,266.91,0.0,266.91,1067.64
1663,562,40,4,542.82,0.0,542.82,2171.28
1664,562,4,4,61.41,0.2,49.13,196.52
1665,563,47,3,294.92,0.0,294.92,884.76
1666,563,22,3,144.23,0.05,137.02,411.06
1667,563,27,2,64.55,0.0,64.55,129.1
1668,563,23,1,585.71,0.0,585.71,585.71
1669,563,52,3,122.31,0.0,122.31,366.93
1670,564,17,2,234.66,0.15,199.46,398.92
1671,564,4,1,61.41,0.1,55.27,55.27
1672,564,41,3,37.9,0.15,32.22,96.66
1673,564,31,1,455.44,0.2,364.35,364.35
1674,564,38,3,446.47,0.0,446.47,1339.41
1675,565,6,3,50.12,0.0,50.12,150.36
1676,565,9,3,205.92,0.05,195.62,586.86
1677,565,33,2,261.03,0.0,261.03,522.06
1678,565,5,3,28.37,0.0,28.37,85.11
1679,566,55,1,28.82,0.0,28.82,28.82
1680,566,17,2,234.66,0.0,234.66,469.32
1681,566,1,2,575.98,0.0,575.98,1151.96
1682,567,24,2,256.27,0.0,256.27,512.54
1683,567,52,4,122.31,0.0,122.31,489.24
1684,567,12,2,585.17,0.0,585.17,1170.34
1685,567,17,1,234.66,0.0,234.66,234.66
1686,568,6,2,50.12,0.0,50.12,100.24
1687,568,10,4,1023.73,0.05,972.54,3890.16
1688,568,39,4,551.63,0.0,551.63,2206.52
1689,569,16,2,26.93,0.0,26.93,53.86
1690,569,43,2,91.79,0.1,82.61,165.22
1691,569,29,3,156.54,0.0,156.54,469.62
1692,569,47,1,294.92,0.0,294.92,294.92
1693,570,49,1,69.4,0.05,65.93,65.93
1694,570,53,2,234.71,0.0,234.71,469.42
1695,570,8,4,366.09,0.1,329.48,1317.92
1696,571,31,2,455.44,0.05,432.67,865.34
1697,571,20,4,266.91,0.05,253.56,1014.24
1698,571,48,4,244.71,0.0,244.71,978.84
1699,571,49,4,69.4,0.0,69.4,277.6
1700,572,10,4,1023.73,0.0,1023.73,4094.92
1701,572,34,1,361.16,0.0,361.16,361.16
1702,572,56,3,306.62,0.0,306.62,919.86
1703,573,25,1,140.28,0.0,140.28,140.28
1704,573,44,1,512.62,0.0,512.62,512.62
1705,573,21,3,955.42,0.0,955.42,2866.26
1706,573,34,4,361.16,0.0,361.16,1444.64
1707,574,59,3,265.31,0.0,265.31,795.93
1708,574,42,3,121.24,0.05,115.18,345.54
1709,574,55,1,28.82,0.0,28.82,28.82
1710,574,18,3,69.07,0.0,69.07,207.21
1711,574,22,4,144.23,0.15,122.6,490.4
1712,575,50,2,171.35,0.0,171.35,342.7
1713,575,44,3,512.62,0.0,512.62,1537.86
1714,575,48,2,244.71,0.0,244.71,489.42
1715,575,16,3,26.93,0.05,25.58,76.74
1716,576,1,1,575.98,0.0,575.98,575.98
1717,576,44,1,512.62,0.0,512.62,512.62
1718,576,54,4,379.91,0.0,379.91,1519.64
1719,576,5,3,28.37,0.1,25.53,76.59
1720,576,27,2,64.55,0.0,64.55,129.1
1721,577,17,1,234.66,0.0,234.66,234.66
1722,577,13,1,112.05,0.1,100.85,100.85
1723,577,3,1,267.36,0.0,267.36,267.36
1724,578,43,1,91.79,0.1,82.61,82.61
1725,578,58,1,78.3,0.0,78.3,78.3
1726,578,54,1,379.91,0.1,341.92,341.92
1727,578,14,2,29.13,0.0,29.13,58.26
1728,578,39,4,551.63,0.05,524.05,2096.2
1729,579,52,2,122.31,0.15,103.96,207.92
1730,579,12,3,585.17,0.0,585.17,1755.51
1731,579,58,3,78.3,0.0,78.3,234.9
1732,579,8,4,366.09,0.0,366.09,1464.36
1733,579,45,1,1408.96,0.0,1408.96,1408.96
1734,580,60,3,585.06,0.0,585.06,1755.18
1735,580,18,3,69.07,0.0,69.07,207.21
1736,580,50,2,171.35,0.0,171.35,342.7
1737,580,28,1,150.46,0.0,150.46,150.46
1738,581,50,4,171.35,0.0,171.35,685.4
1739,581,4,3,61.41,0.05,58.34,175.02
1740,581,25,1,140.28,0.0,140.28,140.28
1741,582,53,4,234.71,0.0,234.71,938.84
1742,582,17,1,234.66,0.0,234.66,234.66
1743,582,12,4,585.17,0.0,585.17,2340.68
1744,583,40,2,542.82,0.0,542.82,1085.64
1745,583,26,4,53.77,0.0,53.77,215.08
1746,584,10,4,1023.73,0.0,1023.73,4094.92
1747,585,40,1,542.82,0.1,488.54,488.54
1748,585,42,4,121.24,0.0,121.24,484.96
1749,586,7,1,431.83,0.05,410.24,410.24
1750,586,3,3,267.36,0.05,253.99,761.97
1751,586,5,4,28.37,0.1,25.53,102.12
1752,587,58,4,78.3,0.15,66.56,266.24
1753,588,42,1,121.24,0.0,121.24,121.24
1754,588,41,1,37.9,0.0,37.9,37.9
1755,589,18,4,69.07,0.1,62.16,248.64
1756,589,10,1,1023.73,0.0,1023.73,1023.73
1757,589,45,4,1408.96,0.0,1408.96,5635.84
1758,589,22,4,144.23,0.05,137.02,548.08
1759,590,26,1,53.77,0.05,51.08,51.08
1760,590,55,2,28.82,0.15,24.5,49.0
1761,590,47,1,294.92,0.2,235.94,235.94
1762,590,50,4,171.35,0.05,162.78,651.12
1763,591,8,3,366.09,0.0,366.09,1098.27
1764,591,37,3,213.33,0.1,192.0,576.0
1765,591,35,3,207.78,0.0,207.78,623.34
1766,591,60,4,585.06,0.0,585.06,2340.24
1767,592,41,1,37.9,0.1,34.11,34.11
1768,593,35,1,207.78,0.0,207.78,207.78
1769,593,55,4,28.82,0.0,28.82,115.28
1770,593,22,3,144.23,0.0,144.23,432.69
1771,594,12,1,585.17,0.1,526.65,526.65
1772,594,36,4,1840.75,0.0,1840.75,7363.0
1773,595,20,4,266.91,0.05,253.56,1014.24
1774,595,45,1,1408.96,0.0,1408.96,1408.96
1775,596,32,4,286.95,0.1,258.25,1033.0
1776,596,6,2,50.12,0.1,45.11,90.22
1777,596,57,2,266.29,0.0,266.29,532.58
1778,597,13,1,112.05,0.0,112.05,112.05
1779,598,16,3,26.93,0.0,26.93,80.79
1780,598,32,4,286.95,0.2,229.56,918.24
1781,598,25,4,140.28,0.05,133.27,533.08
1782,598,5,1,28.37,0.15,24.11,24.11
1783,598,51,1,424.76,0.0,424.76,424.76
1784,599,4,1,61.41,0.1,55.27,55.27
1785,599,22,4,144.23,0.1,129.81,519.24
1786,599,51,1,424.76,0.05,403.52,403.52
1787,600,52,4,122.31,0.2,97.85,391.4
1788,600,42,2,121.24,0.0,121.24,242.48
1789,601,15,2,1709.89,0.0,1709.89,3419.78
1790,601,60,4,585.06,0.05,555.81,2223.24
1791,601,5,1,28.37,0.05,26.95,26.95
1792,601,3,4,267.36,0.0,267.36,1069.44
1793,601,48,1,244.71,0.0,244.71,244.71
1794,602,45,2,1408.96,0.0,1408.96,2817.92
1795,602,42,1,121.24,0.0,121.24,121.24
1796,603,41,3,37.9,0.0,37.9,113.7
1797,603,4,1,61.41,0.05,58.34,58.34
1798,604,40,1,542.82,0.05,515.68,515.68
1799,604,11,1,1220.15,0.0,1220.15,1220.15
1800,604,54,1,379.91,0.0,379.91,379.91
1801,604,38,4,446.47,0.0,446.47,1785.88
1802,605,52,4,122.31,0.0,122.31,489.24
1803,605,40,3,542.82,0.1,488.54,1465.62
1804,605,15,4,1709.89,0.15,1453.41,5813.64
1805,605,5,3,28.37,0.0,28.37,85.11
1806,605,13,1,112.05,0.1,100.85,100.85
1807,606,35,2,207.78,0.1,187.0,374.0
1808,606,9,1,205.92,0.1,185.33,185.33
1809,606,21,2,955.42,0.0,955.42,1910.84
1810,606,54,3,379.91,0.15,322.92,968.76
1811,606,51,1,424.76,0.0,424.76,424.76
1812,607,18,2,69.07,0.0,69.07,138.14
1813,608,11,2,1220.15,0.0,1220.15,2440.3
1814,608,45,4,1408.96,0.0,1408.96,5635.84
1815,608,24,2,256.27,0.0,256.27,512.54
1816,608,36,1,1840.75,0.0,1840.75,1840.75
1817,609,7,4,431.83,0.0,431.83,1727.32
1818,609,51,2,424.76,0.1,382.28,764.56
1819,610,57,4,266.29,0.1,239.66,958.64
1820,611,1,1,575.98,0.0,575.98,575.98
1821,612,60,3,585.06,0.1,526.55,1579.65
1822,612,6,4,50.12,0.1,45.11,180.44
1823,613,45,3,1408.96,0.1,1268.06,3804.18
1824,613,9,4,205.92,0.0,205.92,823.68
1825,613,14,4,29.13,0.05,27.67,110.68
1826,613,10,2,1023.73,0.15,870.17,1740.34
1827,614,40,1,542.82,0.05,515.68,515.68
1828,614,45,2,1408.96,0.0,1408.96,2817.92
1829,615,40,3,542.82,0.0,542.82,1628.46
1830,615,6,3,50.12,0.05,47.61,142.83
1831,615,41,4,37.9,0.0,37.9,151.6
1832,615,53,1,234.71,0.0,234.71,234.71
1833,616,16,3,26.93,0.0,26.93,80.79
1834,616,13,2,112.05,0.1,100.85,201.7
1835,616,8,4,366.09,0.1,329.48,1317.92
1836,616,34,2,361.16,0.0,361.16,722.32
1837,616,7,3,431.83,0.15,367.06,1101.18
1838,617,13,1,112.05,0.0,112.05,112.05
1839,618,44,4,512.62,0.05,486.99,1947.96
1840,618,55,4,28.82,0.1,25.94,103.76
1841,619,11,1,1220.15,0.1,1098.13,1098.13
1842,619,43,1,91.79,0.15,78.02,78.02
1843,620,19,3,155.52,0.0,155.52,466.56
1844,620,14,3,29.13,0.1,26.22,78.66
1845,620,28,4,150.46,0.0,150.46,601.84
1846,621,7,1,431.83,0.05,410.24,410.24
1847,622,12,1,585.17,0.05,555.91,555.91
1848,622,11,1,1220.15,0.05,1159.14,1159.14
1849,622,51,2,424.76,0.0,424.76,849.52
1850,622,2,4,907.29,0.1,816.56,3266.24
1851,622,32,3,286.95,0.0,286.95,860.85
1852,623,13,3,112.05,0.0,112.05,336.15
1853,623,48,2,244.71,0.05,232.47,464.94
1854,623,44,1,512.62,0.0,512.62,512.62
1855,623,58,3,78.3,0.1,70.47,211.41
1856,624,7,4,431.83,0.0,431.83,1727.32
1857,624,16,2,26.93,0.0,26.93,53.86
1858,625,58,4,78.3,0.1,70.47,281.88
1859,625,15,1,1709.89,0.0,1709.89,1709.89
1860,625,5,4,28.37,0.0,28.37,113.48
1861,625,31,2,455.44,0.05,432.67,865.34
1862,626,60,4,585.06,0.0,585.06,2340.24
1863,626,40,2,542.82,0.05,515.68,1031.36
1864,627,24,2,256.27,0.0,256.27,512.54
1865,627,9,3,205.92,0.1,185.33,555.99
1866,627,30,3,357.67,0.1,321.9,965.7
1867,627,47,2,294.92,0.05,280.17,560.34
1868,628,9,1,205.92,0.0,205.92,205.92
1869,628,3,3,267.36,0.1,240.62,721.86
1870,628,45,2,1408.96,0.05,1338.51,2677.02
1871,629,55,4,28.82,0.05,27.38,109.52
1872,630,27,2,64.55,0.0,64.55,129.1
1873,630,11,3,1220.15,0.1,1098.13,3294.39
1874,630,49,2,69.4,0.05,65.93,131.86
1875,630,22,2,144.23,0.0,144.23,288.46
1876,631,36,4,1840.75,0.0,1840.75,7363.0
1877,631,55,2,28.82,0.1,25.94,51.88
1878,631,15,4,1709.89,0.0,1709.89,6839.56
1879,631,6,4,50.12,0.2,40.1,160.4
1880,631,27,3,64.55,0.05,61.32,183.96
1881,632,47,4,294.92,0.05,280.17,1120.68
1882,633,16,4,26.93,0.0,26.93,107.72
1883,633,21,2,955.42,0.0,955.42,1910.84
1884,634,10,4,1023.73,0.15,870.17,3480.68
1885,634,59,1,265.31,0.0,265.31,265.31
1886,634,37,1,213.33,0.1,192.0,192.0
1887,634,58,4,78.3,0.0,78.3,313.2
1888,634,1,1,575.98,0.0,575.98,575.98
1889,635,34,1,361.16,0.0,361.16,361.16
1890,635,26,4,53.77,0.0,53.77,215.08
1891,635,31,4,455.44,0.2,364.35,1457.4
1892,635,52,2,122.31,0.0,122.31,244.62
1893,636,36,1,1840.75,0.0,1840.75,1840.75
1894,637,14,2,29.13,0.0,29.13,58.26
1895,637,9,1,205.92,0.0,205.92,205.92
1896,637,23,1,585.71,0.0,585.71,585.71
1897,637,19,4,155.52,0.1,139.97,559.88
1898,638,11,1,1220.15,0.0,1220.15,1220.15
1899,638,46,4,41.57,0.0,41.57,166.28
1900,638,30,4,357.67,0.0,357.67,1430.68
1901,639,56,4,306.62,0.2,245.3,981.2
1902,639,46,2,41.57,0.0,41.57,83.14
1903,640,41,1,37.9,0.0,37.9,37.9
1904,640,30,1,357.67,0.05,339.79,339.79
1905,640,46,4,41.57,0.0,41.57,166.28
1906,641,34,4,361.16,0.0,361.16,1444.64
1907,641,3,3,267.36,0.0,267.36,802.08
1908,641,19,2,155.52,0.1,139.97,279.94
1909,642,40,3,542.82,0.0,542.82,1628.46
1910,643,33,3,261.03,0.1,234.93,704.79
1911,644,8,4,366.09,0.05,347.79,1391.16
1912,645,30,3,357.67,0.0,357.67,1073.01
1913,645,40,3,542.82,0.0,542.82,1628.46
1914,645,3,2,267.36,0.0,267.36,534.72
1915,646,46,2,41.57,0.1,37.41,74.82
1916,646,5,3,28.37,0.0,28.37,85.11
1917,646,36,2,1840.75,0.0,1840.75,3681.5
1918,646,50,1,171.35,0.0,171.35,171.35
1919,646,14,4,29.13,0.2,23.3,93.2
1920,647,56,2,306.62,0.0,306.62,613.24
1921,647,45,3,1408.96,0.15,1197.62,3592.86
1922,647,14,3,29.13,0.0,29.13,87.39
1923,647,49,3,69.4,0.0,69.4,208.2
1924,647,48,4,244.71,0.0,244.71,978.84
1925,648,4,3,61.41,0.0,61.41,184.23
1926,648,5,4,28.37,0.0,28.37,113.48
1927,648,24,4,256.27,0.0,256.27,1025.08
1928,649,34,3,361.16,0.15,306.99,920.97
1929,649,54,4,379.91,0.1,341.92,1367.68
1930,649,8,3,366.09,0.05,347.79,1043.37
1931,649,31,1,455.44,0.0,455.44,455.44
1932,649,46,2,41.57,0.0,41.57,83.14
1933,650,6,3,50.12,0.0,50.12,150.36
1934,650,26,1,53.77,0.05,51.08,51.08
1935,650,58,1,78.3,0.15,66.56,66.56
1936,650,12,2,585.17,0.0,585.17,1170.34
1937,651,8,4,366.09,0.0,366.09,1464.36
1938,651,45,2,1408.96,0.0,1408.96,2817.92
1939,651,10,2,1023.73,0.0,1023.73,2047.46
1940,652,41,2,37.9,0.0,37.9,75.8
1941,652,2,4,907.29,0.05,861.93,3447.72
1942,652,19,3,155.52,0.05,147.74,443.22
1943,652,27,4,64.55,0.0,64.55,258.2
1944,652,44,4,512.62,0.0,512.62,2050.48
1945,653,19,2,155.52,0.2,124.42,248.84
1946,654,2,2,907.29,0.0,907.29,1814.58
1947,655,42,3,121.24,0.0,121.24,363.72
1948,655,22,4,144.23,0.0,144.23,576.92
1949,655,27,4,64.55,0.0,64.55,258.2
1950,655,38,4,446.47,0.0,446.47,1785.88
1951,655,51,3,424.76,0.1,382.28,1146.84
1952,656,9,3,205.92,0.0,205.92,617.76
1953,656,58,2,78.3,0.0,78.3,156.6
1954,656,51,4,424.76,0.05,403.52,1614.08
1955,656,20,3,266.91,0.0,266.91,800.73
1956,656,11,3,1220.15,0.1,1098.13,3294.39
1957,657,10,3,1023.73,0.1,921.36,2764.08
1958,658,30,2,357.67,0.0,357.67,715.34
1959,658,11,3,1220.15,0.1,1098.13,3294.39
1960,658,40,2,542.82,0.0,542.82,1085.64
1961,659,54,2,379.91,0.2,303.93,607.86
1962,659,46,2,41.57,0.0,41.57,83.14
1963,660,8,3,366.09,0.2,292.87,878.61
1964,660,3,2,267.36,0.1,240.62,481.24
1965,661,17,1,234.66,0.0,234.66,234.66
1966,661,24,3,256.27,0.0,256.27,768.81
1967,661,12,3,585.17,0.2,468.14,1404.42
1968,661,14,2,29.13,0.1,26.22,52.44
1969,662,29,3,156.54,0.0,156.54,469.62
1970,662,35,1,207.78,0.05,197.39,197.39
1971,662,11,1,1220.15,0.0,1220.15,1220.15
1972,663,60,4,585.06,0.0,585.06,2340.24
1973,663,32,3,286.95,0.0,286.95,860.85
1974,663,50,2,171.35,0.0,171.35,342.7
1975,663,10,1,1023.73,0.1,921.36,921.36
1976,664,33,4,261.03,0.0,261.03,1044.12
1977,664,22,3,144.23,0.1,129.81,389.43
1978,664,42,2,121.24,0.0,121.24,242.48
1979,664,46,4,41.57,0.0,41.57,166.28
1980,664,19,3,155.52,0.0,155.52,466.56
1981,665,47,4,294.92,0.0,294.92,1179.68
1982,666,9,1,205.92,0.0,205.92,205.92
1983,667,2,2,907.29,0.0,907.29,1814.58
1984,667,26,4,53.77,0.0,53.77,215.08
1985,667,40,3,542.82,0.0,542.82,1628.46
1986,668,21,1,955.42,0.0,955.42,955.42
1987,669,42,3,121.24,0.0,121.24,363.72
1988,669,13,2,112.05,0.1,100.85,201.7
1989,669,38,1,446.47,0.15,379.5,379.5
1990,669,34,1,361.16,0.0,361.16,361.16
1991,669,15,4,1709.89,0.0,1709.89,6839.56
1992,670,33,4,261.03,0.0,261.03,1044.12
1993,671,32,1,286.95,0.15,243.91,243.91
1994,671,21,3,955.42,0.0,955.42,2866.26
1995,672,10,3,1023.73,0.0,1023.73,3071.19
1996,672,46,4,41.57,0.0,41.57,166.28
1997,672,55,3,28.82,0.0,28.82,86.46
1998,672,28,1,150.46,0.0,150.46,150.46
1999,673,23,1,585.71,0.1,527.14,527.14
2000,673,20,2,266.91,0.0,266.91,533.82
2001,673,29,4,156.54,0.05,148.71,594.84
2002,674,52,4,122.31,0.0,122.31,489.24
2003,674,29,4,156.54,0.0,156.54,626.16
2004,674,19,2,155.52,0.15,132.19,264.38
2005,674,11,1,1220.15,0.0,1220.15,1220.15
2006,675,14,4,29.13,0.1,26.22,104.88
2007,675,20,3,266.91,0.0,266.91,800.73
2008,676,60,4,585.06,0.0,585.06,2340.24
2009,677,1,4,575.98,0.15,489.58,1958.32
2010,678,27,4,64.55,0.0,64.55,258.2
2011,678,12,2,585.17,0.1,526.65,1053.3
2012,678,36,2,1840.75,0.0,1840.75,3681.5
2013,679,54,3,379.91,0.1,341.92,1025.76
2014,679,25,4,140.28,0.0,140.28,561.12
2015,680,53,3,234.71,0.0,234.71,704.13
2016,681,20,2,266.91,0.1,240.22,480.44
2017,681,32,1,286.95,0.15,243.91,243.91
2018,681,36,1,1840.75,0.15,1564.64,1564.64
2019,681,48,2,244.71,0.1,220.24,440.48
2020,681,30,3,357.67,0.1,321.9,965.7
2021,682,41,1,37.9,0.0,37.9,37.9
2022,682,54,3,379.91,0.0,379.91,1139.73
2023,682,31,4,455.44,0.0,455.44,1821.76
2024,683,32,2,286.95,0.0,286.95,573.9
2025,683,59,1,265.31,0.0,265.31,265.31
2026,684,49,3,69.4,0.0,69.4,208.2
2027,685,5,4,28.37,0.0,28.37,113.48
2028,685,39,4,551.63,0.05,524.05,2096.2
2029,685,48,3,244.71,0.0,244.71,734.13
2030,685,24,4,256.27,0.0,256.27,1025.08
2031,686,24,1,256.27,0.0,256.27,256.27
2032,687,11,2,1220.15,0.1,1098.13,2196.26
2033,687,38,3,446.47,0.05,424.15,1272.45
2034,687,4,4,61.41,0.05,58.34,233.36
2035,688,23,1,585.71,0.0,585.71,585.71
2036,688,11,3,1220.15,0.0,1220.15,3660.45
2037,689,27,3,64.55,0.0,64.55,193.65
2038,689,41,1,37.9,0.0,37.9,37.9
2039,689,59,3,265.31,0.0,265.31,795.93
2040,690,34,1,361.16,0.0,361.16,361.16
2041,690,41,2,37.9,0.0,37.9,75.8
2042,690,60,2,585.06,0.15,497.3,994.6
2043,691,39,2,551.63,0.15,468.89,937.78
2044,692,21,3,955.42,0.0,955.42,2866.26
2045,692,56,3,306.62,0.0,306.62,919.86
2046,692,53,3,234.71,0.0,234.71,704.13
2047,692,55,1,28.82,0.0,28.82,28.82
2048,692,44,3,512.62,0.15,435.73,1307.19
2049,693,1,3,575.98,0.0,575.98,1727.94
2050,693,9,3,205.92,0.1,185.33,555.99
2051,694,27,1,64.55,0.0,64.55,64.55
2052,694,22,2,144.23,0.2,115.38,230.76
2053,694,59,2,265.31,0.0,265.31,530.62
2054,694,11,2,1220.15,0.1,1098.13,2196.26
2055,695,51,1,424.76,0.0,424.76,424.76
2056,695,58,4,78.3,0.05,74.38,297.52
2057,696,59,2,265.31,0.0,265.31,530.62
2058,696,5,1,28.37,0.0,28.37,28.37
2059,696,8,4,366.09,0.15,311.18,1244.72
2060,696,53,3,234.71,0.15,199.5,598.5
2061,697,45,4,1408.96,0.1,1268.06,5072.24
2062,697,24,3,256.27,0.05,243.46,730.38
2063,697,9,2,205.92,0.1,185.33,370.66
2064,698,2,1,907.29,0.0,907.29,907.29
2065,698,48,2,244.71,0.0,244.71,489.42
2066,698,53,2,234.71,0.0,234.71,469.42
2067,699,45,3,1408.96,0.05,1338.51,4015.53
2068,699,15,2,1709.89,0.0,1709.89,3419.78
2069,700,9,4,205.92,0.0,205.92,823.68
2070,700,6,1,50.12,0.0,50.12,50.12
2071,701,2,4,907.29,0.1,816.56,3266.24
2072,702,3,1,267.36,0.0,267.36,267.36
2073,702,13,4,112.05,0.0,112.05,448.2
2074,702,7,1,431.83,0.0,431.83,431.83
2075,702,51,3,424.76,0.0,424.76,1274.28
2076,703,5,3,28.37,0.0,28.37,85.11
2077,704,49,1,69.4,0.05,65.93,65.93
2078,705,59,2,265.31,0.05,252.04,504.08
2079,706,58,1,78.3,0.05,74.38,74.38
2080,706,13,1,112.05,0.0,112.05,112.05
2081,706,12,2,585.17,0.1,526.65,1053.3
2082,706,43,3,91.79,0.0,91.79,275.37
2083,706,23,3,585.71,0.0,585.71,1757.13
2084,707,11,2,1220.15,0.1,1098.13,2196.26
2085,707,55,1,28.82,0.0,28.82,28.82
2086,707,33,1,261.03,0.0,261.03,261.03
2087,708,49,2,69.4,0.1,62.46,124.92
2088,708,1,3,575.98,0.0,575.98,1727.94
2089,708,34,2,361.16,0.05,343.1,686.2
2090,708,14,1,29.13,0.0,29.13,29.13
2091,708,46,1,41.57,0.05,39.49,39.49
2092,709,59,4,265.31,0.0,265.31,1061.24
2093,709,33,3,261.03,0.0,261.03,783.09
2094,710,12,3,585.17,0.05,555.91,1667.73
2095,710,29,4,156.54,0.0,156.54,626.16
2096,710,44,4,512.62,0.0,512.62,2050.48
2097,710,7,2,431.83,0.0,431.83,863.66
2098,710,54,2,379.91,0.0,379.91,759.82
2099,711,8,1,366.09,0.0,366.09,366.09
2100,711,49,2,69.4,0.0,69.4,138.8
2101,711,21,4,955.42,0.15,812.11,3248.44
2102,711,30,3,357.67,0.0,357.67,1073.01
2103,712,36,1,1840.75,0.0,1840.75,1840.75
2104,712,47,3,294.92,0.0,294.92,884.76
2105,712,3,4,267.36,0.0,267.36,1069.44
2106,713,25,3,140.28,0.15,119.24,357.72
2107,714,39,4,551.63,0.0,551.63,2206.52
2108,714,48,2,244.71,0.2,195.77,391.54
2109,714,20,4,266.91,0.0,266.91,1067.64
2110,714,44,3,512.62,0.05,486.99,1460.97
2111,715,13,4,112.05,0.0,112.05,448.2
2112,715,55,3,28.82,0.1,25.94,77.82
2113,715,5,2,28.37,0.0,28.37,56.74
2114,715,58,1,78.3,0.0,78.3,78.3
2115,716,44,1,512.62,0.0,512.62,512.62
2116,716,7,1,431.83,0.0,431.83,431.83
2117,716,26,2,53.77,0.15,45.7,91.4
2118,716,29,4,156.54,0.0,156.54,626.16
2119,717,45,2,1408.96,0.0,1408.96,2817.92
2120,717,38,1,446.47,0.1,401.82,401.82
2121,717,7,3,431.83,0.0,431.83,1295.49
2122,717,48,2,244.71,0.15,208.0,416.0
2123,718,13,4,112.05,0.05,106.45,425.8
2124,718,39,1,551.63,0.0,551.63,551.63
2125,718,55,2,28.82,0.1,25.94,51.88
2126,719,47,3,294.92,0.0,294.92,884.76
2127,719,32,4,286.95,0.0,286.95,1147.8
2128,719,18,3,69.07,0.0,69.07,207.21
2129,719,49,4,69.4,0.0,69.4,277.6
2130,720,26,4,53.77,0.05,51.08,204.32
2131,720,32,1,286.95,0.15,243.91,243.91
2132,720,33,1,261.03,0.0,261.03,261.03
2133,720,18,3,69.07,0.0,69.07,207.21
2134,720,10,4,1023.73,0.2,818.98,3275.92
2135,721,15,1,1709.89,0.0,1709.89,1709.89
2136,721,41,1,37.9,0.0,37.9,37.9
2137,721,9,1,205.92,0.0,205.92,205.92
2138,721,2,4,907.29,0.15,771.2,3084.8
2139,722,12,4,585.17,0.0,585.17,2340.68
2140,723,44,1,512.62,0.1,461.36,461.36
2141,723,21,1,955.42,0.1,859.88,859.88
2142,723,10,4,1023.73,0.0,1023.73,4094.92
2143,723,20,4,266.91,0.0,266.91,1067.64
2144,723,40,2,542.82,0.1,488.54,977.08
2145,724,43,3,91.79,0.0,91.79,275.37
2146,724,32,3,286.95,0.1,258.25,774.75
2147,724,33,1,261.03,0.15,221.88,221.88
2148,725,28,1,150.46,0.05,142.94,142.94
2149,726,29,4,156.54,0.05,148.71,594.84
2150,726,21,4,955.42,0.1,859.88,3439.52
2151,726,55,1,28.82,0.1,25.94,25.94
2152,726,25,1,140.28,0.0,140.28,140.28
2153,727,36,3,1840.75,0.0,1840.75,5522.25
2154,727,43,2,91.79,0.0,91.79,183.58
2155,728,28,4,150.46,0.05,142.94,571.76
2156,728,9,4,205.92,0.0,205.92,823.68
2157,728,20,1,266.91,0.05,253.56,253.56
2158,728,46,4,41.57,0.0,41.57,166.28
2159,729,44,2,512.62,0.05,486.99,973.98
2160,729,35,1,207.78,0.0,207.78,207.78
2161,729,37,4,213.33,0.05,202.66,810.64
2162,729,31,3,455.44,0.0,455.44,1366.32
2163,729,36,4,1840.75,0.0,1840.75,7363.0
2164,730,25,3,140.28,0.0,140.28,420.84
2165,730,40,3,542.82,0.05,515.68,1547.04
2166,730,44,1,512.62,0.0,512.62,512.62
2167,730,23,1,585.71,0.0,585.71,585.71
2168,730,50,1,171.35,0.2,137.08,137.08
2169,731,54,3,379.91,0.05,360.91,1082.73
2170,731,24,1,256.27,0.15,217.83,217.83
2171,732,25,3,140.28,0.0,140.28,420.84
2172,732,7,3,431.83,0.0,431.83,1295.49
2173,732,28,4,150.46,0.1,135.41,541.64
2174,733,4,2,61.41,0.0,61.41,122.82
2175,733,43,2,91.79,0.05,87.2,174.4
2176,733,16,3,26.93,0.0,26.93,80.79
2177,734,6,3,50.12,0.0,50.12,150.36
2178,734,59,1,265.31,0.0,265.31,265.31
2179,734,45,3,1408.96,0.0,1408.96,4226.88
2180,734,5,2,28.37,0.0,28.37,56.74
2181,734,56,1,306.62,0.0,306.62,306.62
2182,735,21,4,955.42,0.2,764.34,3057.36
2183,735,3,4,267.36,0.0,267.36,1069.44
2184,735,30,3,357.67,0.05,339.79,1019.37
2185,735,43,1,91.79,0.1,82.61,82.61
2186,735,56,4,306.62,0.0,306.62,1226.48
2187,736,2,4,907.29,0.0,907.29,3629.16
2188,736,21,1,955.42,0.05,907.65,907.65
2189,736,25,2,140.28,0.05,133.27,266.54
2190,736,37,3,213.33,0.05,202.66,607.98
2191,736,7,4,431.83,0.1,388.65,1554.6
2192,737,52,3,122.31,0.2,97.85,293.55
2193,737,49,3,69.4,0.0,69.4,208.2
2194,737,43,4,91.79,0.0,91.79,367.16
2195,737,22,2,144.23,0.05,137.02,274.04
2196,737,11,4,1220.15,0.0,1220.15,4880.6
2197,738,54,2,379.91,0.1,341.92,683.84
2198,739,17,4,234.66,0.0,234.66,938.64
2199,739,4,2,61.41,0.0,61.41,122.82
2200,739,20,1,266.91,0.1,240.22,240.22
2201,740,7,4,431.83,0.0,431.83,1727.32
2202,740,38,4,446.47,0.0,446.47,1785.88
2203,740,22,2,144.23,0.0,144.23,288.46
2204,740,18,3,69.07,0.1,62.16,186.48
2205,740,5,1,28.37,0.0,28.37,28.37
2206,741,33,4,261.03,0.1,234.93,939.72
2207,741,52,3,122.31,0.0,122.31,366.93
2208,741,20,2,266.91,0.1,240.22,480.44
2209,742,26,4,53.77,0.1,48.39,193.56
2210,742,17,2,234.66,0.0,234.66,469.32
2211,742,40,1,542.82,0.0,542.82,542.82
2212,742,33,2,261.03,0.0,261.03,522.06
2213,743,32,4,286.95,0.05,272.6,1090.4
2214,743,14,3,29.13,0.0,29.13,87.39
2215,743,43,4,91.79,0.05,87.2,348.8
2216,743,53,1,234.71,0.0,234.71,234.71
2217,743,48,2,244.71,0.0,244.71,489.42
2218,744,30,2,357.67,0.0,357.67,715.34
2219,744,10,3,1023.73,0.0,1023.73,3071.19
2220,744,16,4,26.93,0.0,26.93,107.72
2221,745,21,1,955.42,0.1,859.88,859.88
2222,745,56,2,306.62,0.05,291.29,582.58
2223,745,54,4,379.91,0.0,379.91,1519.64
2224,745,59,3,265.31,0.15,225.51,676.53
2225,746,42,2,121.24,0.05,115.18,230.36
2226,746,11,4,1220.15,0.15,1037.13,4148.52
2227,746,17,2,234.66,0.0,234.66,469.32
2228,747,10,2,1023.73,0.0,1023.73,2047.46
2229,748,16,3,26.93,0.0,26.93,80.79
2230,749,32,1,286.95,0.05,272.6,272.6
2231,749,36,2,1840.75,0.0,1840.75,3681.5
2232,749,28,2,150.46,0.0,150.46,300.92
2233,749,42,3,121.24,0.0,121.24,363.72
2234,750,2,3,907.29,0.0,907.29,2721.87
2235,750,17,2,234.66,0.05,222.93,445.86
2236,751,47,4,294.92,0.0,294.92,1179.68
2237,752,4,1,61.41,0.0,61.41,61.41
2238,753,39,1,551.63,0.05,524.05,524.05
2239,753,20,4,266.91,0.2,213.53,854.12
2240,753,56,3,306.62,0.05,291.29,873.87
2241,754,26,2,53.77,0.15,45.7,91.4
2242,755,8,1,366.09,0.1,329.48,329.48
2243,755,37,3,213.33,0.0,213.33,639.99
2244,756,57,1,266.29,0.0,266.29,266.29
2245,756,6,3,50.12,0.05,47.61,142.83
2246,756,16,3,26.93,0.05,25.58,76.74
2247,756,39,4,551.63,0.05,524.05,2096.2
2248,757,60,2,585.06,0.0,585.06,1170.12
2249,757,28,2,150.46,0.0,150.46,300.92
2250,758,12,2,585.17,0.0,585.17,1170.34
2251,759,29,1,156.54,0.0,156.54,156.54
2252,759,27,4,64.55,0.0,64.55,258.2
2253,759,17,3,234.66,0.1,211.19,633.57
2254,760,21,4,955.42,0.0,955.42,3821.68
2255,761,44,2,512.62,0.0,512.62,1025.24
2256,761,16,3,26.93,0.0,26.93,80.79
2257,761,18,4,69.07,0.05,65.62,262.48
2258,761,57,3,266.29,0.0,266.29,798.87
2259,762,2,1,907.29,0.0,907.29,907.29
2260,762,42,1,121.24,0.0,121.24,121.24
2261,762,58,2,78.3,0.0,78.3,156.6
2262,763,36,3,1840.75,0.15,1564.64,4693.92
2263,763,25,1,140.28,0.15,119.24,119.24
2264,763,20,2,266.91,0.0,266.91,533.82
2265,764,25,3,140.28,0.0,140.28,420.84
2266,764,1,3,575.98,0.05,547.18,1641.54
2267,764,59,1,265.31,0.0,265.31,265.31
2268,764,26,2,53.77,0.0,53.77,107.54
2269,765,14,2,29.13,0.0,29.13,58.26
2270,765,56,4,306.62,0.15,260.63,1042.52
2271,765,57,3,266.29,0.0,266.29,798.87
2272,766,51,1,424.76,0.0,424.76,424.76
2273,766,3,4,267.36,0.05,253.99,1015.96
2274,766,18,4,69.07,0.0,69.07,276.28
2275,766,56,4,306.62,0.0,306.62,1226.48
2276,767,46,1,41.57,0.2,33.26,33.26
2277,767,28,2,150.46,0.0,150.46,300.92
2278,767,57,3,266.29,0.05,252.98,758.94
2279,768,5,3,28.37,0.0,28.37,85.11
2280,768,23,4,585.71,0.0,585.71,2342.84
2281,768,27,1,64.55,0.0,64.55,64.55
2282,768,39,1,551.63,0.0,551.63,551.63
2283,768,47,2,294.92,0.0,294.92,589.84
2284,769,51,4,424.76,0.1,382.28,1529.12
2285,769,42,2,121.24,0.0,121.24,242.48
2286,769,9,3,205.92,0.0,205.92,617.76
2287,769,1,3,575.98,0.0,575.98,1727.94
2288,770,6,2,50.12,0.1,45.11,90.22
2289,770,8,4,366.09,0.0,366.09,1464.36
2290,770,11,3,1220.15,0.0,1220.15,3660.45
2291,770,16,4,26.93,0.0,26.93,107.72
2292,770,34,4,361.16,0.0,361.16,1444.64
2293,771,17,3,234.66,0.0,234.66,703.98
2294,771,12,3,585.17,0.1,526.65,1579.95
2295,772,6,3,50.12,0.0,50.12,150.36
2296,772,27,2,64.55,0.0,64.55,129.1
2297,773,57,2,266.29,0.0,266.29,532.58
2298,773,25,1,140.28,0.1,126.25,126.25
2299,773,54,1,379.91,0.0,379.91,379.91
2300,773,37,2,213.33,0.0,213.33,426.66
2301,774,30,2,357.67,0.0,357.67,715.34
2302,775,45,1,1408.96,0.0,1408.96,1408.96
2303,775,55,4,28.82,0.0,28.82,115.28
2304,775,11,4,1220.15,0.0,1220.15,4880.6
2305,776,17,1,234.66,0.0,234.66,234.66
2306,776,10,1,1023.73,0.0,1023.73,1023.73
2307,776,6,4,50.12,0.0,50.12,200.48
2308,776,24,4,256.27,0.0,256.27,1025.08
2309,776,11,4,1220.15,0.0,1220.15,4880.6
2310,777,15,2,1709.89,0.1,1538.9,3077.8
2311,778,56,3,306.62,0.2,245.3,735.9
2312,778,53,3,234.71,0.2,187.77,563.31
2313,779,25,2,140.28,0.1,126.25,252.5
2314,779,9,2,205.92,0.05,195.62,391.24
2315,779,28,3,150.46,0.05,142.94,428.82
2316,779,55,2,28.82,0.0,28.82,57.64
2317,780,12,1,585.17,0.05,555.91,555.91
2318,780,27,3,64.55,0.0,64.55,193.65
2319,780,51,3,424.76,0.0,424.76,1274.28
2320,780,10,2,1023.73,0.1,921.36,1842.72
2321,781,29,4,156.54,0.0,156.54,626.16
2322,781,59,1,265.31,0.0,265.31,265.31
2323,781,16,1,26.93,0.15,22.89,22.89
2324,781,24,4,256.27,0.0,256.27,1025.08
2325,781,38,2,446.47,0.0,446.47,892.94
2326,782,45,2,1408.96,0.15,1197.62,2395.24
2327,782,26,4,53.77,0.05,51.08,204.32
2328,782,44,4,512.62,0.0,512.62,2050.48
2329,783,17,1,234.66,0.0,234.66,234.66
2330,783,5,3,28.37,0.0,28.37,85.11
2331,783,7,2,431.83,0.1,388.65,777.3
2332,783,36,4,1840.75,0.0,1840.75,7363.0
2333,783,4,3,61.41,0.0,61.41,184.23
2334,784,43,1,91.79,0.0,91.79,91.79
2335,784,52,1,122.31,0.0,122.31,122.31
2336,784,39,3,551.63,0.2,441.3,1323.9
2337,784,46,4,41.57,0.0,41.57,166.28
2338,784,48,3,244.71,0.05,232.47,697.41
2339,785,43,1,91.79,0.0,91.79,91.79
2340,785,24,2,256.27,0.05,243.46,486.92
2341,785,9,3,205.92,0.15,175.03,525.09
2342,785,58,2,78.3,0.0,78.3,156.6
2343,786,32,2,286.95,0.0,286.95,573.9
2344,786,60,1,585.06,0.0,585.06,585.06
2345,786,22,3,144.23,0.1,129.81,389.43
2346,786,57,4,266.29,0.0,266.29,1065.16
2347,786,30,2,357.67,0.1,321.9,643.8
2348,787,8,2,366.09,0.05,347.79,695.58
2349,787,21,4,955.42,0.1,859.88,3439.52
2350,787,3,3,267.36,0.05,253.99,761.97
2351,788,60,3,585.06,0.0,585.06,1755.18
2352,788,28,3,150.46,0.0,150.46,451.38
2353,788,19,3,155.52,0.0,155.52,466.56
2354,789,58,4,78.3,0.15,66.56,266.24
2355,789,11,2,1220.15,0.1,1098.13,2196.26
2356,789,21,4,955.42,0.05,907.65,3630.6
2357,789,48,1,244.71,0.0,244.71,244.71
2358,790,10,2,1023.73,0.0,1023.73,2047.46
2359,790,4,2,61.41,0.1,55.27,110.54
2360,791,31,3,455.44,0.0,455.44,1366.32
2361,792,46,4,41.57,0.0,41.57,166.28
2362,792,30,1,357.67,0.05,339.79,339.79
2363,793,3,4,267.36,0.0,267.36,1069.44
2364,793,29,4,156.54,0.0,156.54,626.16
2365,793,23,4,585.71,0.0,585.71,2342.84
2366,793,46,1,41.57,0.0,41.57,41.57
2367,794,8,1,366.09,0.2,292.87,292.87
2368,794,23,2,585.71,0.0,585.71,1171.42
2369,795,12,3,585.17,0.0,585.17,1755.51
2370,795,54,2,379.91,0.0,379.91,759.82
2371,795,11,1,1220.15,0.1,1098.13,1098.13
2372,796,50,1,171.35,0.0,171.35,171.35
2373,796,37,2,213.33,0.0,213.33,426.66
2374,796,12,4,585.17,0.0,585.17,2340.68
2375,796,27,1,64.55,0.0,64.55,64.55
2376,796,59,3,265.31,0.0,265.31,795.93
2377,797,19,1,155.52,0.1,139.97,139.97
2378,798,24,3,256.27,0.1,230.64,691.92
2379,798,38,2,446.47,0.0,446.47,892.94
2380,798,60,1,585.06,0.0,585.06,585.06
2381,798,7,1,431.83,0.15,367.06,367.06
2382,799,54,4,379.91,0.0,379.91,1519.64
2383,799,46,3,41.57,0.1,37.41,112.23
2384,799,43,1,91.79,0.0,91.79,91.79
2385,799,31,3,455.44,0.15,387.12,1161.36
2386,800,42,4,121.24,0.1,109.12,436.48
